Name,Store_name
스타필드 하남,ABC마트
스타필드 하남,CM900
스타필드 하남,COS
스타필드 하남,H&M
스타필드 하남,HAS
스타필드 하남,PK마켓 (식품관)
스타필드 하남,SSG.com 슈퍼샵
스타필드 하남,갓덴익스프레스
스타필드 하남,게스
스타필드 하남,골든구스
스타필드 하남,골프존마켓
스타필드 하남,공차
스타필드 하남,광화문 미진
스타필드 하남,교토 가츠규
스타필드 하남,구찌
스타필드 하남,그레고리
스타필드 하남,긴타코
스타필드 하남,꼴라주 레트로
스타필드 하남,꼼에스타
스타필드 하남,나이키
스타필드 하남,나이키바스켓볼
스타필드 하남,나인
스타필드 하남,나폴레옹 제과점
스타필드 하남,난닝구
스타필드 하남,내셔널 지오그래픽
스타필드 하남,노미네이션
스타필드 하남,노브랜드
스타필드 하남,노스페이스
스타필드 하남,노스페이스 화이트라벨
스타필드 하남,뉴발란스
스타필드 하남,뉴에라
스타필드 하남,더 바디샵
스타필드 하남,더브릿지
스타필드 하남,더서퍼클럽
스타필드 하남,데블스도어
스타필드 하남,데상트
스타필드 하남,데상트듀얼
스타필드 하남,돈차를리
스타필드 하남,드팜
스타필드 하남,디자인스킨
스타필드 하남,디자인유나이티드
스타필드 하남,라띠지아노
스타필드 하남,라메종뒤쇼콜라
스타필드 하남,라미
스타필드 하남,라수아패밀리
스타필드 하남,라펠라
스타필드 하남,래핑차일드
스타필드 하남,랩
스타필드 하남,러쉬
스타필드 하남,럭키슈에뜨
스타필드 하남,런투레스트
스타필드 하남,로마1947
스타필드 하남,록시땅
스타필드 하남,롱샴
스타필드 하남,루이비통
스타필드 하남,룰루레몬
스타필드 하남,류마스템의원
스타필드 하남,류마스템의원
스타필드 하남,르꼬끄 스포르티브
스타필드 하남,르타오
스타필드 하남,리김밥
스타필드 하남,리모와
스타필드 하남,리복
스타필드 하남,리얼컴포트
스타필드 하남,리틀사이공
스타필드 하남,마리스 베이비서클
스타필드 하남,마시모두띠
스타필드 하남,마이클 코어스
스타필드 하남,마인드브릿지워크스테이션
스타필드 하남,마제스티
스타필드 하남,마켓로거스 (지역 맛집)
스타필드 하남,마틴싯봉리빙
스타필드 하남,마틸드엠
스타필드 하남,막스마라
스타필드 하남,매튜 앤 조엘스 토이킹덤
스타필드 하남,맨온더분
스타필드 하남,맨큐 바이 지이크
스타필드 하남,먼데이에디션
스타필드 하남,메가박스
스타필드 하남,메르세데스 벤츠
스타필드 하남,메종 티시아
스타필드 하남,모이몰른
스타필드 하남,몰리스펫샵
스타필드 하남,몽트르에삭
스타필드 하남,무인양품
스타필드 하남,문배동 육칼
스타필드 하남,뮤즈드위치
스타필드 하남,미니골드
스타필드 하남,미스터앤미세스
스타필드 하남,미스트랄
스타필드 하남,미우미우
스타필드 하남,바닐라코
스타필드 하남,반스
스타필드 하남,반하트디알바자
스타필드 하남,발렌시아가
스타필드 하남,밴키즈
스타필드 하남,버버리
스타필드 하남,베나코앤폰타나
스타필드 하남,베네베네
스타필드 하남,베이비엔젤스 스파
스타필드 하남,베키아에누보
스타필드 하남,봉통
스타필드 하남,부츠
스타필드 하남,불가리
스타필드 하남,브로이어
스타필드 하남,브룩스브라더스
스타필드 하남,블루라운지 마에스트로
스타필드 하남,블룸앤코
스타필드 하남,비비안웨스트우드
스타필드 하남,비아이티살롱
스타필드 하남,비엠더블유 미니 서비스 체크인
스타필드 하남,비엠더블유 미니 시티라운지
스타필드 하남,빈브라더스
스타필드 하남,빔바이롤라
스타필드 하남,사운드웨이브
스타필드 하남,샌프란시스코마켓
스타필드 하남,생 로랑
스타필드 하남,세컨스킨
스타필드 하남,소호정
스타필드 하남,솔브
스타필드 하남,솔트앤초콜릿
스타필드 하남,수노래연습장
스타필드 하남,쉼스파 & 부띠끄
스타필드 하남,슈스파
스타필드 하남,슈퍼콤마비
스타필드 하남,스닉솔
스타필드 하남,스무디킹
스타필드 하남,스와로브스키
스타필드 하남,스케쳐스
스타필드 하남,스타벅스
스타필드 하남,스타벅스
스타필드 하남,스타트업 스페이스 (청년창업 편집샵)
스타필드 하남,스타필드 하남점 고객센터
스타필드 하남,스톤 아일랜드
스타필드 하남,스튜디오 톰보이
스타필드 하남,스펠로
스타필드 하남,스포츠몬스터
스타필드 하남,스피드메이트
스타필드 하남,슬로웨어
스타필드 하남,시골막국수
스타필드 하남,시리즈
스타필드 하남,시에로
스타필드 하남,싹스탑
스타필드 하남,써스데이아일랜드
스타필드 하남,씨흐 트루동
스타필드 하남,아디다스
스타필드 하남,아르마니 익스체인지
스타필드 하남,아메리칸이글
스타필드 하남,아오키
스타필드 하남,아이러브제이
스타필드 하남,아이토리아
스타필드 하남,아쿠아필드
스타필드 하남,아프리카
스타필드 하남,알도
스타필드 하남,알리프디자인
스타필드 하남,알지오지아
스타필드 하남,액센트
스타필드 하남,앤아더스토리즈
스타필드 하남,앤티앤스
스타필드 하남,양키캔들
스타필드 하남,어라운드101
스타필드 하남,엄브로
스타필드 하남,에베레스트
스타필드 하남,에스티 듀퐁
스타필드 하남,에이랜드
스타필드 하남,에잇세컨즈
스타필드 하남,에트로
스타필드 하남,엑스퍼트
스타필드 하남,엠포리오아르마니
스타필드 하남,영창뮤직
스타필드 하남,영풍문고
스타필드 하남,오니츠카타이거
스타필드 하남,오슬로
스타필드 하남,오야니
스타필드 하남,오이쇼
스타필드 하남,온더보더
스타필드 하남,올댓미트
스타필드 하남,올세인츠
스타필드 하남,와이드앵글
스타필드 하남,와츠 사이클링
스타필드 하남,워너두
스타필드 하남,원더브라
스타필드 하남,원더스쿱
스타필드 하남,원더플레이스
스타필드 하남,위니비니
스타필드 하남,위즈펫
스타필드 하남,위치네일스
스타필드 하남,유니클로
스타필드 하남,의정부 평양면옥
스타필드 하남,이마트 트레이더스
스타필드 하남,이마트24
스타필드 하남,이마트24
스타필드 하남,이마트24
스타필드 하남,이브자리코디센
스타필드 하남,이솝
스타필드 하남,인코코
스타필드 하남,일렉트로마트
스타필드 하남,일일향
스타필드 하남,자라
스타필드 하남,자라 홈
스타필드 하남,자주
스타필드 하남,제네시스 스튜디오
스타필드 하남,젠틀몬스터
스타필드 하남,젤라띠젤라띠
스타필드 하남,조르지오아르마니
스타필드 하남,조이그라이슨
스타필드 하남,준오헤어
스타필드 하남,즈윌링
스타필드 하남,지미추
스타필드 하남,지오다노
스타필드 하남,찰스앤키스
스타필드 하남,청키면가
스타필드 하남,초마
스타필드 하남,카레클린트
스타필드 하남,카사하라앤카츠
스타필드 하남,카카오프렌즈
스타필드 하남,캉골
스타필드 하남,캘빈클라인
스타필드 하남,캡텐
스타필드 하남,커스텀멜로우
스타필드 하남,컬럼비아
스타필드 하남,케이투
스타필드 하남,코모도
스타필드 하남,코오롱스포츠
스타필드 하남,코치
스타필드 하남,크렌즈 갤러리
스타필드 하남,키즈덤
스타필드 하남,킨더스코너
스타필드 하남,타미야 프라모델 팩토리
스타필드 하남,탄탄면공방
스타필드 하남,탑텐
스타필드 하남,탑텐키즈
스타필드 하남,테슬라
스타필드 하남,토리버치
스타필드 하남,토박스
스타필드 하남,토즈
스타필드 하남,트래블 메이트
스타필드 하남,트위
스타필드 하남,티파니앤코
스타필드 하남,팀버랜드
스타필드 하남,파스타 그루브
스타필드 하남,파우더룸
스타필드 하남,팥고당
스타필드 하남,팬콧
스타필드 하남,페라가모
스타필드 하남,펜디
스타필드 하남,포숑
스타필드 하남,포커시스홈
스타필드 하남,폴더
스타필드 하남,폴바셋
스타필드 하남,폴바셋
스타필드 하남,풍원장 미역국정찬
스타필드 하남,프라다
스타필드 하남,프로젝트엠
스타필드 하남,프린트베이커리
스타필드 하남,플라잉타이거코펜하겐
스타필드 하남,플랙
스타필드 하남,플러스티아이피
스타필드 하남,플레이타임
스타필드 하남,핏제리아오
스타필드 하남,하나투어
스타필드 하남,하남농협
스타필드 하남,하만 스튜디오
스타필드 하남,하우스 오브 쌤소나이트
스타필드 하남,한샘
스타필드 하남,한우리
스타필드 하남,한일관
스타필드 하남,할란앤홀든
스타필드 하남,할리데이비슨
스타필드 하남,햇츠온
스타필드 하남,헐리
스타필드 하남,현대 모터스튜디오
스타필드 하남,화이텐
스타필드 하남,휴고보스
스타필드 코엑스,#1
스타필드 코엑스,ABC 그랜드스테이지
스타필드 코엑스,CF
스타필드 코엑스,CJ푸드월드
스타필드 코엑스,Carhartt WIP
스타필드 코엑스,H&M
스타필드 코엑스,KFC
스타필드 코엑스,N.CAT
스타필드 코엑스,OST
스타필드 코엑스,SOLB
스타필드 코엑스,TNGT
스타필드 코엑스,VANS
스타필드 코엑스,건담 베이스
스타필드 코엑스,경성면옥
스타필드 코엑스,계절밥상
스타필드 코엑스,계절밥상 소반
스타필드 코엑스,고궁 전주 비빔밥
스타필드 코엑스,고디바
스타필드 코엑스,고려귀금속
스타필드 코엑스,고려청자
스타필드 코엑스,고봉삼계탕
스타필드 코엑스,고와꽃방
스타필드 코엑스,골드젬
스타필드 코엑스,공차
스타필드 코엑스,광화문미진
스타필드 코엑스,그랜드마오
스타필드 코엑스,나루국밥
스타필드 코엑스,나이키
스타필드 코엑스,네이처리퍼블릭 코엑스몰점
스타필드 코엑스,네이처리퍼블릭(도심공항)
스타필드 코엑스,네임 바이 네임
스타필드 코엑스,노브랜드
스타필드 코엑스,니뽕내뽕
스타필드 코엑스,다이나핏
스타필드 코엑스,다이소
스타필드 코엑스,닥터마틴
스타필드 코엑스,더 심플한 테이블
스타필드 코엑스,더 죠이
스타필드 코엑스,더바디샵
스타필드 코엑스,더페이스샵
스타필드 코엑스,더프트앤도프트
스타필드 코엑스,더플레이스
스타필드 코엑스,데블스도어
스타필드 코엑스,데이즈
스타필드 코엑스,도모다찌
스타필드 코엑스,드코닝
스타필드 코엑스,디자인스킨
스타필드 코엑스,디퀸즈
스타필드 코엑스,딥티크
스타필드 코엑스,라에스키모
스타필드 코엑스,라운지 P by 뽀로로
스타필드 코엑스,라움보야지/앳코너
스타필드 코엑스,라템
스타필드 코엑스,래핑차일드
스타필드 코엑스,랩
스타필드 코엑스,러기지 앤 백
스타필드 코엑스,러쉬
스타필드 코엑스,럭키 슈에뜨
스타필드 코엑스,레벨 파이브
스타필드 코엑스,로네펠트 티 하우스
스타필드 코엑스,로엠
스타필드 코엑스,로이드
스타필드 코엑스,록시땅
스타필드 코엑스,롭스
스타필드 코엑스,르사이공
스타필드 코엑스,리바이스
스타필드 코엑스,리베
스타필드 코엑스,리복
스타필드 코엑스,리스캣
스타필드 코엑스,링코 제일
스타필드 코엑스,맥도날드
스타필드 코엑스,메가박스
스타필드 코엑스,멘무샤
스타필드 코엑스,명동칼국수
스타필드 코엑스,모박사 부대찌게
스타필드 코엑스,무교낙지
스타필드 코엑스,뮤젤
스타필드 코엑스,뮬2
스타필드 코엑스,미닉스
스타필드 코엑스,미샤
스타필드 코엑스,미쏘
스타필드 코엑스,바닐라코
스타필드 코엑스,반하는 보쌈&밥상
스타필드 코엑스,방콕9
스타필드 코엑스,버거 비
스타필드 코엑스,버거플랜트
스타필드 코엑스,버윅1707
스타필드 코엑스,버터
스타필드 코엑스,베나코 앤 폰타나
스타필드 코엑스,베네베네
스타필드 코엑스,별마당 도서관
스타필드 코엑스,본죽
스타필드 코엑스,부츠
스타필드 코엑스,브룩스 브라더스 레드 플리스
스타필드 코엑스,브릭라이브
스타필드 코엑스,브릭스
스타필드 코엑스,블루X블루
스타필드 코엑스,비라인
스타필드 코엑스,비비안 라이브24
스타필드 코엑스,비투
스타필드 코엑스,빌리엔젤
스타필드 코엑스,빕스마이픽
스타필드 코엑스,빨라쪼 델 프레도
스타필드 코엑스,뽀르게따
스타필드 코엑스,삐에로쑈핑
스타필드 코엑스,사리원
스타필드 코엑스,사보텐
스타필드 코엑스,사이드쇼
스타필드 코엑스,사틴 헤어
스타필드 코엑스,삼성모바일스토어
스타필드 코엑스,샤이바나
스타필드 코엑스,서울 SIC 치과
스타필드 코엑스,서울덮밥&김치찜
스타필드 코엑스,세라넥스트도어
스타필드 코엑스,셰프의 국수N육개장
스타필드 코엑스,소프레소
스타필드 코엑스,소호앤노호
스타필드 코엑스,솔트 앤 초콜릿
스타필드 코엑스,송지연봉지
스타필드 코엑스,쇼군
스타필드 코엑스,수지스
스타필드 코엑스,스닉솔
스타필드 코엑스,스무디킹
스타필드 코엑스,스시 한 판
스타필드 코엑스,스위트 스페이스
스타필드 코엑스,스케쳐스
스타필드 코엑스,스킨밴드
스타필드 코엑스,스타벅스
스타필드 코엑스,스타벅스 리저브
스타필드 코엑스,스타카토
스타필드 코엑스,스타필드 코엑스몰점 고객센터
스타필드 코엑스,스튜디오톰보이
스타필드 코엑스,스페인클럽
스타필드 코엑스,슬립앤슬립
스타필드 코엑스,시리즈 코너
스타필드 코엑스,시코르
스타필드 코엑스,식스패드
스타필드 코엑스,쌤소나이트
스타필드 코엑스,쎄컨스킨
스타필드 코엑스,쓰리트윈즈
스타필드 코엑스,아그라
스타필드 코엑스,아담
스타필드 코엑스,아디다스 오리지날
스타필드 코엑스,아디다스 퍼포먼스
스타필드 코엑스,아르마니 익스체인지
스타필드 코엑스,아리따움
스타필드 코엑스,아메리칸이글아웃피터스
스타필드 코엑스,아셈안경
스타필드 코엑스,아셈하비
스타필드 코엑스,아자
스타필드 코엑스,아쿠아리움
스타필드 코엑스,아티제
스타필드 코엑스,안드레아바나
스타필드 코엑스,알도
스타필드 코엑스,알트729
스타필드 코엑스,앤레커피
스타필드 코엑스,앤티 앤스 프레즐
스타필드 코엑스,양키캔들
스타필드 코엑스,언더 텐달러 샵
스타필드 코엑스,언더아머
스타필드 코엑스,에뛰드하우스
스타필드 코엑스,에비수
스타필드 코엑스,에이그레이트까페
스타필드 코엑스,에이랜드
스타필드 코엑스,에이샵(애플샵)
스타필드 코엑스,에잇 세컨즈
스타필드 코엑스,에코
스타필드 코엑스,에탐
스타필드 코엑스,엔솔
스타필드 코엑스,엔씨
스타필드 코엑스,엘지 유플러스
스타필드 코엑스,영풍문고
스타필드 코엑스,예가낙지마을
스타필드 코엑스,예원코리아
스타필드 코엑스,옐로우코너
스타필드 코엑스,오렌즈
스타필드 코엑스,오이쇼
스타필드 코엑스,온더보더
스타필드 코엑스,온오프
스타필드 코엑스,올리브영
스타필드 코엑스,원 모어 나잇
스타필드 코엑스,원더브라
스타필드 코엑스,원더플레이스
스타필드 코엑스,웰스
스타필드 코엑스,유니클로
스타필드 코엑스,이노아이
스타필드 코엑스,이니스프리(칼트몰)
스타필드 코엑스,이니스프리(코엑스)
스타필드 코엑스,이마트24 1호점
스타필드 코엑스,이마트24 2호점
스타필드 코엑스,이마트24 3호점
스타필드 코엑스,이마트24 4호점
스타필드 코엑스,이마트24 5호점
스타필드 코엑스,이코복스
스타필드 코엑스,잇츠스킨
스타필드 코엑스,자라
스타필드 코엑스,자라홈
스타필드 코엑스,자연은 맛있다
스타필드 코엑스,자주
스타필드 코엑스,재동
스타필드 코엑스,저스트지니
스타필드 코엑스,제일제면소
스타필드 코엑스,젠
스타필드 코엑스,주스 솔루션
스타필드 코엑스,준오헤어
스타필드 코엑스,준오헤어 코엑스몰점
스타필드 코엑스,지스바이
스타필드 코엑스,지오다노
스타필드 코엑스,지오지아
스타필드 코엑스,지오투
스타필드 코엑스,짬뽕신
스타필드 코엑스,쭈불앤쭈불
스타필드 코엑스,차이나팩토리 익스프레스
스타필드 코엑스,찰스 앤 키스
스타필드 코엑스,카카오프렌즈
스타필드 코엑스,카페 마마스
스타필드 코엑스,캐리마켓
스타필드 코엑스,캐스키드슨
스타필드 코엑스,캘리포니아 피자 키친
스타필드 코엑스,캡텐
스타필드 코엑스,커피빈
스타필드 코엑스,커피빈
스타필드 코엑스,컨버스
스타필드 코엑스,케르반
스타필드 코엑스,케이스갤러리 1호점
스타필드 코엑스,케이스갤러리 2호점
스타필드 코엑스,코데즈컴바인 이너웨어
스타필드 코엑스,코디센
스타필드 코엑스,코즈니
스타필드 코엑스,콜란토테
스타필드 코엑스,쿠론
스타필드 코엑스,크리스피 크림 도넛
스타필드 코엑스,클로리스
스타필드 코엑스,클루
스타필드 코엑스,키엘
스타필드 코엑스,탄탄면공방
스타필드 코엑스,탑텐
스타필드 코엑스,테이블스타
스타필드 코엑스,테이스팅 룸
스타필드 코엑스,토니모리
스타필드 코엑스,투썸플레이스
스타필드 코엑스,트위
스타필드 코엑스,트윙클
스타필드 코엑스,티아이포맨
스타필드 코엑스,티엠
스타필드 코엑스,티컵
스타필드 코엑스,팀버랜드
스타필드 코엑스,파두
스타필드 코엑스,파스쿠찌
스타필드 코엑스,파피루스 플러스
스타필드 코엑스,판도라
스타필드 코엑스,펀시티
스타필드 코엑스,펀잇
스타필드 코엑스,포메인(코엑스몰점)
스타필드 코엑스,포베이 코엑스몰점
스타필드 코엑스,포베이(도심공항점)
스타필드 코엑스,포시즌
스타필드 코엑스,폴바셋
스타필드 코엑스,프라임 안경원
스타필드 코엑스,플랫폼플레이스
스타필드 코엑스,플러스에스큐
스타필드 코엑스,피에프창
스타필드 코엑스,피카
스타필드 코엑스,하나투어
스타필드 코엑스,하동관
스타필드 코엑스,한스케익
스타필드 코엑스,한얼공예
스타필드 코엑스,할란앤홀든
스타필드 코엑스,할리스커피(코엑스몰점)
스타필드 코엑스,해리 메이슨
스타필드 코엑스,헌혈의집 코엑스센터
스타필드 코엑스,헤지스
스타필드 코엑스,현대 모터스튜디오 디지털
스타필드 코엑스,홍대 돈부리
테크노마트 강변,(주)아트매니아 (카메라)
테크노마트 강변,(주)에드원씨앤씨 (조립컴퓨터)
테크노마트 강변,(주)에몬스가구 (가구)
테크노마트 강변,(주)에스알5지
테크노마트 강변,(주)에스앤제이스토어 (카메라)
테크노마트 강변,(주)에스제이이엔씨
테크노마트 강변,(주)에이맥엔터테인먼트
테크노마트 강변,(주)에이비씨투어 (여행사)
테크노마트 강변,빨간먼지 (.)
테크노마트 강변,(주)에코저널 (컴퓨터조립 및 부품)
테크노마트 강변,(주)뉴컴정보 (노트북)
테크노마트 강변,(주)다원씨앤씨 (.)
테크노마트 강변,(주)대명프라자
테크노마트 강변,(주)대산통신 (.)
테크노마트 강변,(주)대야전자 (삼성가전)
테크노마트 강변,(주)대우캐리어판매 (캐리어에어컨)
테크노마트 강변,"(주)대풍컴퓨터 (프린터, 복사기)"
테크노마트 강변,(주)대한컴퓨터샵 (조립컴퓨터)
테크노마트 강변,(주)더프랜즈에프앤비 (.)
테크노마트 강변,(주)디지몽 (.)
테크노마트 강변,(주)디지탈용마 (카메라 악세사리)
테크노마트 강변,(주)디지털라이브 (컴퓨터)
테크노마트 강변,(주)라온아트게임
테크노마트 강변,(주)라텍스하우스 (가구)
테크노마트 강변,"(주)매직ENG (수입가전, 인덕션 )"
테크노마트 강변,(주)맥스모바일 (핸드폰)
테크노마트 강변,(주)메인텔레콤
테크노마트 강변,"(주)아이문 (애플,중고컴퓨터)"
테크노마트 강변,(주)뮤직앤플러스 (음반)
테크노마트 강변,(주)바디프랜드 (안마의자)
테크노마트 강변,(주)벤토사코리아테크노마트지점
테크노마트 강변,(주)보보 (삼성가전)
테크노마트 강변,(주)봉화프라자 (위니아가전)
테크노마트 강변,(주)비에스디지털 (소형가전)
테크노마트 강변,두꺼비식당 (등갈비찜 전문점)
테크노마트 강변,CS컴퍼니 (컴퓨터 부품)
테크노마트 강변,(주)사온프라자 (소형가전)
테크노마트 강변,(주)삼삼테크 (노트북)
테크노마트 강변,하꼬야 (일본식 라면/덮밥)
테크노마트 강변,(주)새폰
테크노마트 강변,(주)서인씨앤에스 (노트북)
테크노마트 강변,(주)선영이앤에프 (사무기기 렌탈)
테크노마트 강변,(주)세아컴 (노트북)
테크노마트 강변,(주)스팟
테크노마트 강변,(주)스페이스테크놀로지 (.)
테크노마트 강변,(주)신저회
테크노마트 강변,(주)씨앤제이알파 (가전-온라인)
테크노마트 강변,(주)아시안데코 (가구)
테크노마트 강변,(주)아이에스테크놀로지 (핸드폰)
테크노마트 강변,(주)아이캔두잇 (노트북)
테크노마트 강변,(주)아트매니아 (카메라)
테크노마트 강변,(주)에드원씨앤씨 (조립컴퓨터)
테크노마트 강변,(주)에몬스가구 (가구)
테크노마트 강변,(주)에스알5지
테크노마트 강변,(주)에스앤제이스토어 (카메라)
테크노마트 강변,(주)에스제이이엔씨
테크노마트 강변,(주)에이맥엔터테인먼트
테크노마트 강변,(주)에이비씨투어 (여행사)
테크노마트 강변,빨간먼지 (.)
테크노마트 강변,(주)에코저널 (컴퓨터조립 및 부품)
테크노마트 강변,F.M시스템 (컴퓨터 부품)
테크노마트 강변,(주)에프티에이관세무역학원 (학원)
테크노마트 강변,(주)엔코아씨앤씨 (PC주변기기)
테크노마트 강변,(주)엔터식스 테크노마트점 (패션 스퀘어)
테크노마트 강변,(주)엘지유플러스 지원센터 (고객지원센터)
테크노마트 강변,(주)엠스토어 (.)
테크노마트 강변,(주)엠크로스 (컴퓨터 주변기기)
테크노마트 강변,"시몬스,윤갤러리 (가구)"
테크노마트 강변,(주)오렌지시스템 (노트북)
테크노마트 강변,(주)오지구
테크노마트 강변,(주)오지구
테크노마트 강변,우리은행 (금융)
테크노마트 강변,(주)은새전자 (소형가전)
테크노마트 강변,(주)이가정보통신 (핸드폰)
테크노마트 강변,(주)이한전자 (핸드폰)
테크노마트 강변,(주)정인글로벌솔루션
테크노마트 강변,(주)제로삼컴퓨터 (컴퓨터)
테크노마트 강변,(주)조이하비 (프라모델/피규어)
테크노마트 강변,(주)조흥마트 (핸드폰)
테크노마트 강변,(주)캣세븐
테크노마트 강변,커피빈 (커피)
테크노마트 강변,(주)케이팝서포터즈 (건강식품)
테크노마트 강변,(주)코업경영연구소
테크노마트 강변,"(주)큐마트티엠 (잉크,토너, 프린터)"
테크노마트 강변,"(주)크래프트하우스 (퀼트,미싱,홈패션)"
테크노마트 강변,(주)크리스앤로렌 (여성복)
테크노마트 강변,(주)클럽라이더 (컴퓨터 부품)
테크노마트 강변,(주)태연씨오엠 (주변기기)
테크노마트 강변,"(주)테크랜드이십이 (전자담배,비데)"
테크노마트 강변,"(주)통일아이앤씨 (냉장고,에어컨)"
테크노마트 강변,(주)투바 (애플 서비스센터)
테크노마트 강변,하나투어 (여행사)
테크노마트 강변,(주)티앤티정보 (LG노트북)
테크노마트 강변,"(주)티오피컴 (SSD, 외장하드)"
테크노마트 강변,(주)티티존 (핸드폰)
테크노마트 강변,"(주)파란씨앤씨 (로지텍, 커세어)"
테크노마트 강변,파스쿠찌 (커피)
테크노마트 강변,(주)페이즈 (노트북)
테크노마트 강변,(주)펜타씨에이
테크노마트 강변,(주)푸른숲컴퍼니
테크노마트 강변,(주)퓨처스모바일
테크노마트 강변,(주)프로디지탈 (고프로)
테크노마트 강변,하나은행 (금융)
테크노마트 강변,"(주)하비크래프트 (퀼트, 부자재)"
테크노마트 강변,"(주)하이노트 (노트북, A/S)"
테크노마트 강변,(주)하하 인터내셔날 (핸드폰)
테크노마트 강변,(주)한국마이크로시스템 (.)
테크노마트 강변,파파이스 (패스트푸드)
테크노마트 강변,(주)혜인정보통신
테크노마트 강변,(주)휘닉스피플
테크노마트 강변,(주)히트 모바일
테크노마트 강변,11번가 / 미찌코런던 (가방)
테크노마트 강변,21쥬얼리 (귀금속)
테크노마트 강변,365커머스 (핸드폰액세서리)
테크노마트 강변,365커머스 (핸드폰)
테크노마트 강변,티지인터네셔널 (.)
테크노마트 강변,42번가 (가방)
테크노마트 강변,62해장국 (해장국)
테크노마트 강변,"BEST O.A (프린터, 복사기)"
테크노마트 강변,BS통신 (핸드폰)
테크노마트 강변,비비안 / BYC (속옷)
테크노마트 강변,CGV (극장)
테크노마트 강변,CN 테크 (컴퓨터 주변기기)
테크노마트 강변,DC클럽 (카메라)
테크노마트 강변,블랙전자 (카메라)
테크노마트 강변,게임동아리 (게임기)
테크노마트 강변,I&U텔레콤 (핸드폰)
테크노마트 강변,J2 HOBBY (취미)
테크노마트 강변,jnb (여성의류)
테크노마트 강변,JP통신 (핸드폰)
테크노마트 강변,단비텔레콤 (.)
테크노마트 강변,JS코퍼레이션 (전자담배)
테크노마트 강변,란체티 (와이셔츠)
테크노마트 강변,하나웍스 ( )
테크노마트 강변,하나웍스 ( )
테크노마트 강변,KB정보통신 (핸드폰)
테크노마트 강변,KL통신 (상호간판)
테크노마트 강변,LC사무기 (사무기기렌트)
테크노마트 강변,에이플러스 (.)
테크노마트 강변,N. C Park (카메라)
테크노마트 강변,NCC심플소잉테크노마트점 (미싱)
테크노마트 강변,NOVA정보통신 (핸드폰)
테크노마트 강변,O.A 월드 (사무기기)
테크노마트 강변,O.S.T (패션잡화)
테크노마트 강변,OHO Telecom (핸드폰)
테크노마트 강변,ONE텔레콤 (핸드폰)
테크노마트 강변,P&V Telecom (핸드폰)
테크노마트 강변,PC LAND 119 (조립컴퓨터)
테크노마트 강변,PC월드 (조립컴퓨터)
테크노마트 강변,PC응급센타 (컴퓨터)
테크노마트 강변,PC카페 (조립컴퓨터)
테크노마트 강변,RUSH모바일
테크노마트 강변,S&J 전자 (카메라)
테크노마트 강변,SLT디지탈 (카메라)
테크노마트 강변,SM모바일
테크노마트 강변,SM정보시스템 (부품)
테크노마트 강변,T&F커머스 (.)
테크노마트 강변,T/M ispeaker (아이패드)
테크노마트 강변,techno.shop (컴퓨터 소모품)
테크노마트 강변,Good (.)
테크노마트 강변,TM전자 (생활가전)
테크노마트 강변,TM포토스튜디오 (사진관)
테크노마트 강변,성지클릭시스템 (프린터)
테크노마트 강변,"Today (로또, 토토)"
테크노마트 강변,YES / 은혜악세사리 (액세서리)
테크노마트 강변,ㄱ모바일
테크노마트 강변,㈜대경플러스 (가전)
테크노마트 강변,㈜델로라
테크노마트 강변,그레이스미디어 (조립컴퓨터)
테크노마트 강변,가람시스템 (기타)
테크노마트 강변,가온통신 (핸드폰)
테크노마트 강변,가온프라자 (삼성전자 가전제품)
테크노마트 강변,가은 (악세서리)
테크노마트 강변,가자모바일A
테크노마트 강변,가자모바일B
테크노마트 강변,가정식도시락 (도시락전문점)
테크노마트 강변,가평뚝배기짬뽕 (중식)
테크노마트 강변,강남모바일 (핸드폰)
테크노마트 강변,루가노 리클라이너 (가구)
테크노마트 강변,강변전자 (네비게이션)
테크노마트 강변,강변통신 (핸드폰)
테크노마트 강변,강원전자 (케이블)
테크노마트 강변,개똥이네 (핸드폰)
테크노마트 강변,"게임리스트 (게임기, 컴퓨터)"
테크노마트 강변,게임시티 (게임)
테크노마트 강변,게임천하 (게임)
테크노마트 강변,게임팩토리 (게임)
테크노마트 강변,게임프라자 (게임기)
테크노마트 강변,겨레정보통신 (핸드폰)
테크노마트 강변,경기정보통신 (핸드폰)
테크노마트 강변,경복궁 (한식)
테크노마트 강변,경일텔레콤
테크노마트 강변,경일통상 (케이스)
테크노마트 강변,계백텔레콤 (핸드폰)
테크노마트 강변,고고싱 (조립컴퓨터)
테크노마트 강변,고려통신 (핸드폰)
테크노마트 강변,고은 (액세서리)
테크노마트 강변,골드레인 (우산)
테크노마트 강변,골드언트 (컴퓨터)
테크노마트 강변,골드언트 (컴퓨터)
테크노마트 강변,공앤박(주)
테크노마트 강변,김용범 세무회계사무소 (세무회계사)
테크노마트 강변,공차 (건강음료)
테크노마트 강변,광남전자 (카메라)
테크노마트 강변,광운전자(주) (핸드폰)
테크노마트 강변,국민은행 (금융)
테크노마트 강변,국빈관 (.)
테크노마트 강변,"국제전자 (소형가전, 전자렌지)"
테크노마트 강변,권마담집 (핸드폰)
테크노마트 강변,그린 (귀금속)
테크노마트 강변,그린비시스템 (애플)
테크노마트 강변,글로리컴퓨터 (조립컴퓨터)
테크노마트 강변,금산 (.)
테크노마트 강변,기찬텔레콤 (핸드폰)
테크노마트 강변,길조텔레콤
테크노마트 강변,프라이드컴 (.)
테크노마트 강변,김씨방 (한복)
테크노마트 강변,세종세어 (미용실)
테크노마트 강변,까망꼬 (여성의류)
테크노마트 강변,꼬두람이
테크노마트 강변,베스트철판볶음 (철판볶음밥)
테크노마트 강변,꽃초롱 (여성의류)
테크노마트 강변,꿈의 컴 (컴퓨터 및 주변기기)
테크노마트 강변,끌리오 (여성복)
테크노마트 강변,끌림 (아이스크림)
테크노마트 강변,나나슈 (슈즈)
테크노마트 강변,나눔텔레콤 (핸드폰)
테크노마트 강변,나두왁싱 (제모관리)
테크노마트 강변,실과바늘 (생활한복)
테크노마트 강변,나래A/V산업 (음향기기)
테크노마트 강변,나무컴퍼니 (네비게이션)
테크노마트 강변,노트스토리 (컴퓨터)
테크노마트 강변,노트올 (노트북)
테크노마트 강변,노트프라자 (노트북)
테크노마트 강변,노트하우스 (중고노트북)
테크노마트 강변,눈의꽃 (아이스크림)
테크노마트 강변,뉴게임 (게임)
테크노마트 강변,골드뱅크 (귀금속)
테크노마트 강변,뉴서울전자 (카메라)
테크노마트 강변,NEW S&S텔레콤 (핸드폰)
테크노마트 강변,뉴욕 (구두)
테크노마트 강변,니콘카메라 서비스센터 (서비스센터)
테크노마트 강변,다다텔레콤 (핸드폰)
테크노마트 강변,다래순두부 (순두부)
테크노마트 강변,다림디지털 (핸드폰)
테크노마트 강변,다마짱 (계란요리전문점)
테크노마트 강변,"다빈유통 (삼성가전,소형가전)"
테크노마트 강변,다산컴퍼니 (노트북)
테크노마트 강변,다솜텔레콤 (핸드폰)
테크노마트 강변,다솜프라자(주) (삼성전자 가전제품)
테크노마트 강변,다연정보시스템 (조립컴퓨터)
테크노마트 강변,다우텔레콤
테크노마트 강변,다원종합유통 (.)
테크노마트 강변,다정통신
테크노마트 강변,단단컴퍼니 (카메라)
테크노마트 강변,키즈마켓 (아동복 전문)
테크노마트 강변,대경OA시스템 (주변기기)
테크노마트 강변,대경시스템 (음향기기 전문점)
테크노마트 강변,대명코리아 (사무기기)
테크노마트 강변,대산코리아 (컴퓨터)
테크노마트 강변,대성음향
테크노마트 강변,대성정보통신 (핸드폰)
테크노마트 강변,대일정보통신 (케이블)
테크노마트 강변,동서가구 (가구)
테크노마트 강변,대천시스템 (조립컴퓨터)
테크노마트 강변,대한전자 (DSLR 카메라)
테크노마트 강변,대한텔레콤 (핸드폰)
테크노마트 강변,대호전자 (수입하이엔드 오디오)
테크노마트 강변,대화컴퓨터테크노 (아이맥)
테크노마트 강변,더나와테크노 (조립컴퓨터)
테크노마트 강변,더맨 (남성의류)
테크노마트 강변,더블유비씨커뮤니티
테크노마트 강변,더쇼핑
테크노마트 강변,더페이스샵 (화장품)
테크노마트 강변,던킨도너츠 (도너츠)
테크노마트 강변,데이타컴 (컴퓨터)
테크노마트 강변,데코플라워 (꽃집)
테크노마트 강변,덱스전자 (노트북)
테크노마트 강변,밥마트 (전투식량)
테크노마트 강변,도락 (우동/일식덮밥)
테크노마트 강변,도울컴센타 (컴퓨터조립)
테크노마트 강변,동광전자 (핸드폰)
테크노마트 강변,동남 C&C (조립PC)
테크노마트 강변,동락월드㈜ (대형가전)
테크노마트 강변,동신참치 (참치회)
테크노마트 강변,동양전자 (라디오)
테크노마트 강변,두리원 통신 (핸드폰)
테크노마트 강변,두바이
테크노마트 강변,두울
테크노마트 강변,드림모바일
테크노마트 강변,드림텔레콤 (핸드폰)
테크노마트 강변,디셀바이 (카메라)
테크노마트 강변,디앤디시스템 (조립컴퓨터)
테크노마트 강변,디앤디에스
테크노마트 강변,디에스테크시스템 (산업용컴퓨터)
테크노마트 강변,디엠탑
테크노마트 강변,디엠피하우스 (카메라)
테크노마트 강변,비보트케이 (카메라)
테크노마트 강변,디웍스 (조립컴퓨터)
테크노마트 강변,Bakery DZ (제과)
테크노마트 강변,디지털라이즈 (핸드폰액세서리)
테크노마트 강변,디지털랜드 (대형가전)
테크노마트 강변,디지털매직 (블랙박스)
테크노마트 강변,디지털성민 (카메라)
테크노마트 강변,디지털하우스
테크노마트 강변,디핀다트아이스크림 (아이스크림)
테크노마트 강변,또또모바일
테크노마트 강변,라마스테카레 (카레라이스)
테크노마트 강변,라이트컴 (컴퓨터 주변기기)
테크노마트 강변,라임디카 (카메라)
테크노마트 강변,장라희식당 (막국수)
테크노마트 강변,럭시 (귀금속)
테크노마트 강변,럭키카메라 (카메라)
테크노마트 강변,럭키홀
테크노마트 강변,런 (여성의류)
테크노마트 강변,레드로즈 (임부복)
테크노마트 강변,레인보우
테크노마트 강변,로그인 (조립컴퓨터)
테크노마트 강변,루비 (여성 빅사이즈 의류)
테크노마트 강변,롯데리아(강변씨네마점) (패스트푸드)
테크노마트 강변,롯데리아강변테크노점 (패스트푸드)
테크노마트 강변,롯데쇼핑(주)롯데마트 (대형마트)
테크노마트 강변,루나코리아
테크노마트 강변,루딕
테크노마트 강변,루이텔레콤 (핸드폰)
테크노마트 강변,리바트프라자 (가구)
테크노마트 강변,리얼시스템 (노트북)
테크노마트 강변,리얼컴
테크노마트 강변,이가테레콤 (.)
테크노마트 강변,리컴시스템 (조립컴퓨터)
테크노마트 강변,린모바일 (.)
테크노마트 강변,립스 (여성의류)
테크노마트 강변,마루한식부페 (한식뷔페)
테크노마트 강변,마린텔레콤 (핸드폰)
테크노마트 강변,마마돈까스 (돈까스)
테크노마트 강변,게임마스터 (게임 타이틀)
테크노마트 강변,게임기할인매장 (.)
테크노마트 강변,마틸다 (여성의류)
테크노마트 강변,맥산 (컴퓨터 소모품)
테크노마트 강변,맥스모바일 (핸드폰)
테크노마트 강변,"맥스토리 (아이맥, 맥북프로)"
테크노마트 강변,맨앤텔㈜ (핸드폰)
테크노마트 강변,메가폰 (핸드폰)
테크노마트 강변,메탈토마토 (컴퓨터)
테크노마트 강변,멘토박스 (핸드폰)
테크노마트 강변,명동칼국수 (칼국수)
테크노마트 강변,"모닝글로리 (문구, 팬시)"
테크노마트 강변,모도리
테크노마트 강변,모디나모바일샵
테크노마트 강변,모모카 (우동)
테크노마트 강변,모바일미
테크노마트 강변,모바일박스
테크노마트 강변,미 (여성의류)
테크노마트 강변,미도 (핸드폰)
테크노마트 강변,미디테크(MIDITECH) (컴퓨터)
테크노마트 강변,"미래CCTV (감시카메라,CCTV)"
테크노마트 강변,미래세무회계사무소
테크노마트 강변,미르미디어 (컴퓨터 소모품)
테크노마트 강변,미소 (여성의류)
테크노마트 강변,미소천사 (핸드폰)
테크노마트 강변,미스터보쌈 (보쌈)
테크노마트 강변,미향전자 (음향기기)
테크노마트 강변,포토하우스 (카메라전문점)
테크노마트 강변,민우텔레콤 (핸드폰)
테크노마트 강변,민텔레콤 (핸드폰)
테크노마트 강변,"밀리언컴퍼니 (전자렌지, 제빵기)"
테크노마트 강변,바다텔레콤 (핸드폰)
테크노마트 강변,바로텔레콤 (핸드폰)
테크노마트 강변,바른모바일
테크노마트 강변,바우하우스 (오디오 TV장식장)
테크노마트 강변,바이더제이 (.)
테크노마트 강변,바이스마트 (.)
테크노마트 강변,바젤 (귀금속)
테크노마트 강변,밝은조명 (조명)
테크노마트 강변,베컴 (.)
테크노마트 강변,백년통신 (핸드폰)
테크노마트 강변,뱅크25 (카드단말기)
테크노마트 강변,비버리힐스타운 (여성의류)
테크노마트 강변,애견마을 (애견용품)
테크노마트 강변,베스트바이 (음향기기)
테크노마트 강변,베스트바이 (핸드폰)
테크노마트 강변,베이모바일 (핸드폰)
테크노마트 강변,베이비몽드 (컴퓨터및 주변기기)
테크노마트 강변,벤스마트
테크노마트 강변,별주부강변점 (해물요리)
테크노마트 강변,보람컴퓨터 (조립컴퓨터)
테크노마트 강변,보람테크 (조립컴퓨터)
테크노마트 강변,보보전자 (삼성가전)
테크노마트 강변,It´s skin (화장품)
테크노마트 강변,브라보통신
테크노마트 강변,브이텔레콤 (핸드폰)
테크노마트 강변,블랙컴퓨터 (소모품)
테크노마트 강변,태양모바일 (.)
테크노마트 강변,블루클럽 (미용실)
테크노마트 강변,엘르 (언더웨어)
테크노마트 강변,"비디오나라 (DVD, 블루레이)"
테크노마트 강변,비비9 (핸드폰)
테크노마트 강변,비엔에스 (컴퓨터)
테크노마트 강변,비젼음향시스템 (음향기기)
테크노마트 강변,비즈존 (핸드폰액세서리)
테크노마트 강변,비타민정보 (핸드폰)
테크노마트 강변,"비트컴퓨터 (컴퓨터, 모니터)"
테크노마트 강변,빅뱅 (여성의류)
테크노마트 강변,빈티지오디오 (빈티지오디오보상판매)
테크노마트 강변,빌트씨앤씨 (조립컴퓨터)
테크노마트 강변,빛나리텔레콤
테크노마트 강변,빨간먼지
테크노마트 강변,구찌 (남성의류)
테크노마트 강변,신용회복위원회 (서민금융통합지원센터)
테크노마트 강변,사랑옵다 (한복)
테크노마트 강변,사틴헤어살롱 (미용실)
테크노마트 강변,산천 (비빔밥)
테크노마트 강변,"산호일식 (생선, 탕)"
테크노마트 강변,삼성OA (사무기기)
테크노마트 강변,삼성모바일
테크노마트 강변,삼성전자서비스 (서비스센터)
테크노마트 강변,삼성프라자 (핸드폰)
테크노마트 강변,삼신이앤비 (가전-온라인)
테크노마트 강변,삼영홈시스테크노점 (쿠쿠(CUCKOO))
테크노마트 강변,삼원@
테크노마트 강변,삼육컴퓨터 (조립컴퓨터)
테크노마트 강변,삼인이앤씨
테크노마트 강변,삼화전자 (소형가전)
테크노마트 강변,최씨부엌 (사골북어국)
테크노마트 강변,새한소리 (음향기기)
테크노마트 강변,새한소프트 (소프트웨어)
테크노마트 강변,샌디클래식 (여성의류)
테크노마트 강변,샤뜰레 (돈까스전문점)
테크노마트 강변,SK텔레콤 테크노마트 지점 (고객지원센터)
테크노마트 강변,데이타복구센타 (데이타복원)
테크노마트 강변,서울악기 (악기)
테크노마트 강변,서울정보통신 (핸드폰)
테크노마트 강변,서진 (컴퓨터)
테크노마트 강변,"서진솔루션 (컴퓨터, 데이터복구)"
테크노마트 강변,서현코리아 (.)
테크노마트 강변,성공통신 (핸드폰)
테크노마트 강변,성신 (핸드폰)
테크노마트 강변,성심텔레콤 (핸드폰)
테크노마트 강변,서원텔레콤II (핸드폰)
테크노마트 강변,성진ELC (.)
테크노마트 강변,매니아클럽 (게임)
테크노마트 강변,성진프라자 (소형가전)
테크노마트 강변,세븐일레븐 (편의점)
테크노마트 강변,세아통신 (핸드폰)
테크노마트 강변,세이미 (컴퓨터)
테크노마트 강변,세친구 (조립컴퓨터)
테크노마트 강변,센스 (예물전문점)
테크노마트 강변,셀네트 (핸드폰)
테크노마트 강변,셈틀 (조립컴퓨터)
테크노마트 강변,더쇼핑 (음향기기)
테크노마트 강변,소모컴프라자 (컴퓨터조립)
테크노마트 강변,소모품다드림 (컴퓨터 소모품)
테크노마트 강변,소모품월드 (.)
테크노마트 강변,소모품이야기 (컴퓨터 소모품)
테크노마트 강변,소풍 (매점)
테크노마트 강변,솔이유통 (카메라)
테크노마트 강변,송파스타일텔레콤 (핸드폰)
테크노마트 강변,수리나라
테크노마트 강변,"수리나라 (노트북,데이터복구)"
테크노마트 강변,수악기 (악기)
테크노마트 강변,수텔레콤 (핸드폰)
테크노마트 강변,슈랜드/ZOOM/TM SHOES/밀림 (구두)
테크노마트 강변,스마트 ON (컴퓨터주변기기)
테크노마트 강변,스마트365 (핸드폰)
테크노마트 강변,스마트에스씨 (핸드폰)
테크노마트 강변,스마트컴바인
테크노마트 강변,스마트폰114 (.)
테크노마트 강변,"스시우동 (우동,메밀)"
테크노마트 강변,스키피오 (가구)
테크노마트 강변,스타텔레콤 (핸드폰)
테크노마트 강변,스타하우스 (침구류)
테크노마트 강변,"스피드코너 (구두수선,열쇠)"
테크노마트 강변,슬기텔레콤 (핸드폰)
테크노마트 강변,시골밥상 (시골보리밥)
테크노마트 강변,시온텔레콤 (핸드폰)
테크노마트 강변,"신광전자 (소니캠코더,카메라)"
테크노마트 강변,신데렐라 (여성의류)
테크노마트 강변,신드롬텔레콤 (.)
테크노마트 강변,신라전골 (전골류)
테크노마트 강변,신성통신 (핸드폰)
테크노마트 강변,신세계통신
테크노마트 강변,신안전자 (음향기기)
테크노마트 강변,신영아이티 (소형가전)
테크노마트 강변,신창디지탈 (메모리전문점)
테크노마트 강변,신한은행 (금융)
테크노마트 강변,신화텔레콤
테크노마트 강변,싸다구 (핸드폰)
테크노마트 강변,싸이텔레콤 (핸드폰)
테크노마트 강변,쌍둥이텔레콤 (핸드폰)
테크노마트 강변,썬에프씨
테크노마트 강변,카페세리오 (커피)
테크노마트 강변,쏘울 (핸드폰)
테크노마트 강변,쑥쓰럽커피
테크노마트 강변,씨네마 월드(한강) (DVD)
테크노마트 강변,타임네일 (네일아트)
테크노마트 강변,"씨디뱅크 (주변기기, 소모품)"
테크노마트 강변,씨에스사운드 (음향기기)
테크노마트 강변,씨탑골프 (골프용품)
테크노마트 강변,아가방 (유아복)
테크노마트 강변,"아그레망H (침구,커튼)"
테크노마트 강변,아람아이앤씨(주) (핸드폰)
테크노마트 강변,아레나
테크노마트 강변,아리벼리 (핸드폰)
테크노마트 강변,아성 (컴퓨터)
테크노마트 강변,아시아모바일 (핸드폰)
테크노마트 강변,아오키돈부리 (덮밥)
테크노마트 강변,아이디
테크노마트 강변,아이러브플렛 (슈즈)
테크노마트 강변,아이벨리 (휴대폰액세서리)
테크노마트 강변,아이비 (.)
테크노마트 강변,아이쉴드 (핸드폰)
테크노마트 강변,아이스마일어게인 (핸드폰수리)
테크노마트 강변,아이앤컴퍼니
테크노마트 강변,티엠정보통신 (통신)
테크노마트 강변,아이엠컴퓨터 (컴퓨터)
테크노마트 강변,아이티컴퍼니 (핸드폰)
테크노마트 강변,아인스정보통신 (핸드폰)
테크노마트 강변,아트론상사 (빔프로젝터)
테크노마트 강변,아프로텔레콤 (핸드폰)
테크노마트 강변,"악기코리아 (기타,피아노)"
테크노마트 강변,안동찜닭 (찜닭/삼계탕)
테크노마트 강변,안테나 (핸드폰)
테크노마트 강변,알리바바 (핸드폰)
테크노마트 강변,"알파씨앤씨 (프린터,복사기,)"
테크노마트 강변,애슐리 (패밀리레스토랑)
테크노마트 강변,애플모아
테크노마트 강변,애플스테이션 (핸드폰)
테크노마트 강변,애플시스템 (조립컴퓨터)
테크노마트 강변,애플팜 (노트북)
테크노마트 강변,야판다베이스샵 (야구용품 전문매장)
테크노마트 강변,엄마손구이 (구이류)
테크노마트 강변,엄전략 SYSTEM (핸드폰)
테크노마트 강변,에뛰드하우스 (화장품)
테크노마트 강변,에뜨레 (가구)
테크노마트 강변,에반픽스
테크노마트 강변,에스까르떼 (가방)
테크노마트 강변,에스앤지 (여성의류)
테크노마트 강변,태영탤레콤 (.)
테크노마트 강변,SSC (핸드폰)
테크노마트 강변,SS텔레콤 (핸드폰)
테크노마트 강변,에스제이컴 (조립컴퓨터)
테크노마트 강변,에스지솔루션 (.)
테크노마트 강변,에스지인터내셔널
테크노마트 강변,에이브이컴퍼니 (수입오디오공식대리점)
테크노마트 강변,에이스모바일
테크노마트 강변,에이스전산 (PC주변기기)
테크노마트 강변,에이원익스프레스 (스파게티)
테크노마트 강변,에이치앤케이모바일
테크노마트 강변,에이제이소모품 (컴퓨터주변기기)
테크노마트 강변,에코글로리 (소형가전)
테크노마트 강변,NS모바일 (핸드폰)
테크노마트 강변,엔에이 (핸드폰)
테크노마트 강변,엔엠에스 (핸드폰)
테크노마트 강변,엔젤 (핸드폰)
테크노마트 강변,로폴 (남성셔츠)
테크노마트 강변,엔케이플러스 (.)
테크노마트 강변,엔터컴 (컴퓨터)
테크노마트 강변,엔피씨 (컴퓨터조립 및 노트)
테크노마트 강변,엔피씨 (컴퓨터조립 및 노트)
테크노마트 강변,황토숨&자연휴 (가구)
테크노마트 강변,엘비스코리아 (수제화)
테크노마트 강변,엠브로시아 (샌드위치/음료)
테크노마트 강변,엠아이텍 (핸드폰)
테크노마트 강변,엠케이컴퍼니(애플짱) (핸드폰)
테크노마트 강변,엠투네트웍스 (노트북)
테크노마트 강변,엠피모바일 (핸드폰)
테크노마트 강변,여우별 (핸드폰)
테크노마트 강변,"연우전자 (면도기,미니오디오)"
테크노마트 강변,영스모바일 (TTL)
테크노마트 강변,영이테크 (컴퓨터)
테크노마트 강변,영전자 (소형가전)
테크노마트 강변,영진컴퓨터
테크노마트 강변,영풍통신 (핸드폰)
테크노마트 강변,우리꼴자연가구 & apina (가구)
테크노마트 강변,데논&마란츠 / 파나소닉 / JVC 서비스센터 (서비스센터)
테크노마트 강변,예술
테크노마트 강변,예프 (여성의류)
테크노마트 강변,오군모바일
테크노마트 강변,오디오메이트 (영상.음향기기)
테크노마트 강변,오뚜기통신 (핸드폰)
테크노마트 강변,오렌지전자 (소형가전)
테크노마트 강변,오마니순대전문점 (순대국)
테크노마트 강변,오마켓 (핸드폰)
테크노마트 강변,오성모바일 (핸드폰)
테크노마트 강변,오성일렉 (음향기기)
테크노마트 강변,오케이텔레콤 (핸드폰액세서리)
테크노마트 강변,오토타임 (시계/수리)
테크노마트 강변,오트우드퍼니처 (가구)
테크노마트 강변,오폰 (컴퓨터 조립 수리 )
테크노마트 강변,"오피에스 (프린터, 잉크)"
테크노마트 강변,온누리현대약국 (약국)
테크노마트 강변,와사비
테크노마트 강변,와와 (핸드폰)
테크노마트 강변,와와21 (게임)
테크노마트 강변,와우네일 (네일아트)
테크노마트 강변,M&M가발 (가발)
테크노마트 강변,요컴 (컴퓨터 및 주변기기)
테크노마트 강변,용호전자
테크노마트 강변,우리 (핸드폰)
테크노마트 강변,우리전자 (음향기기)
테크노마트 강변,우리텔레콤
테크노마트 강변,우영전자 (핸드폰)
테크노마트 강변,우주마트 (생활가전)
테크노마트 강변,우진전자 (네이게이션)
테크노마트 강변,우편취급국 (우편/택배)
테크노마트 강변,원스탑피씨 (컴퓨터)
테크노마트 강변,원엔터
테크노마트 강변,A통신 (.)
테크노마트 강변,원트레이딩 (핸드폰)
테크노마트 강변,코끼리 (여성의류)
테크노마트 강변,월드모바일 (핸드폰)
테크노마트 강변,월드엔
테크노마트 강변,월드전자 (가전소품)
테크노마트 강변,웰빙디지탈 (하이패스)
테크노마트 강변,웰컴 (조립컴퓨터)
테크노마트 강변,위너스비즈(주) (노트북)
테크노마트 강변,위드스토리 (온라인매장)
테크노마트 강변,윈윈 (.)
테크노마트 강변,유선텔레콤 (핸드폰)
테크노마트 강변,유엔전자 (카메라)
테크노마트 강변,유일 (사무실)
테크노마트 강변,유진텔레콤 (핸드폰)
테크노마트 강변,라돌체비타 (아이스와인전문점)
테크노마트 강변,으뜸컴퓨터 (조립컴퓨터)
테크노마트 강변,은별전자 (카메라)
테크노마트 강변,은성식품 (전자담배)
테크노마트 강변,은혜주단 (한복)
테크노마트 강변,의료기 아산 (의료기기)
테크노마트 강변,수선실 (의류수선)
테크노마트 강변,뽀빠이만두 (만두)
테크노마트 강변,이가네
테크노마트 강변,이노센트/템퍼/쏨모 (가구)
테크노마트 강변,이니스프리 (화장품)
테크노마트 강변,이성구
테크노마트 강변,이소리세상 (주변기기)
테크노마트 강변,이슬모바일 (핸드폰)
테크노마트 강변,이시그코리아 (전자담배)
테크노마트 강변,이안컴퓨터 (컴퓨터)
테크노마트 강변,이지정보통신 (핸드폰)
테크노마트 강변,이지테크 (컴퓨터 조립)
테크노마트 강변,이태리수제화 (수제화)
테크노마트 강변,이현모바일 (핸드폰)
테크노마트 강변,이화통산 (핸드폰)
테크노마트 강변,인견나라 (인견의류)
테크노마트 강변,인까사 (가구)
테크노마트 강변,인컴 (노트북)
테크노마트 강변,인텔레콤
테크노마트 강변,일신컴퓨터 (조립컴퓨터)
테크노마트 강변,일오삼정보기기 (프린터)
테크노마트 강변,잇츠카메라 (카메라)
테크노마트 강변,"잉크토너충전센타 (잉크, 토너)"
테크노마트 강변,잉크통 (컴퓨터주변기기)
테크노마트 강변,"자미온 (침구,커텐)"
테크노마트 강변,자판기
테크노마트 강변,"함흥냉면 (냉면,국밥)"
테크노마트 강변,장안냉면 (냉면전문점)
테크노마트 강변,"장터국밥 (국밥,국수)"
테크노마트 강변,"잼 (잡화,휴대폰케이스)"
테크노마트 강변,전선생家 (전류)
테크노마트 강변,LG 모바일 서비스센타 (서비스센터)
테크노마트 강변,전자프라자 (가전소품)
테크노마트 강변,"나이트세라피침대,듀오백 (가구)"
테크노마트 강변,정상컴퓨터 (컴퓨터)
테크노마트 강변,정텔레콤 (핸드폰)
테크노마트 강변,비비앤폴 (남성의류)
테크노마트 강변,제우스 컴퓨터 시스템 (컴퓨터)
테크노마트 강변,제이
테크노마트 강변,제이씨산업(주) (핸드폰)
테크노마트 강변,제이알시스템 (.)
테크노마트 강변,제이앤에스이노베이션(주)
테크노마트 강변,제이에스테크
테크노마트 강변,제이엔에이치 (컴퓨터)
테크노마트 강변,제이제이넷스 (핸드폰)
테크노마트 강변,제이티통상 (가구)
테크노마트 강변,제일사 (핸드폰)
테크노마트 강변,제일음향 (음향기기)
테크노마트 강변,제일프라자 (소형가전)
테크노마트 강변,이레컴퓨터 (컴퓨터 조립)
테크노마트 강변,조은컴
테크노마트 강변,조후시가 (전자담배)
테크노마트 강변,주노 주얼리 (주얼리)
테크노마트 강변,주식회사동명씨앤씨
테크노마트 강변,주식회사브라더
테크노마트 강변,KT 올레플라자 (서비스센터)
테크노마트 강변,KT 올레플라자 (서비스센터)
테크노마트 강변,주호네
테크노마트 강변,준영통신 (핸드폰)
테크노마트 강변,준전자 (대형가전)
테크노마트 강변,"준현컴퓨터 (데이터복구,조립컴퓨)"
테크노마트 강변,준희컴퓨터 (컴퓨터)
테크노마트 강변,중앙LTE (핸드폰)
테크노마트 강변,즐컴 (컴퓨터)
테크노마트 강변,지니컴 (DELL)
테크노마트 강변,지니텔 (핸드폰)
테크노마트 강변,GMP (컴퓨터 조립 수리 )
테크노마트 강변,GO컴 (노트북)
테크노마트 강변,지우통신 (.)
테크노마트 강변,지은텔레콤 (핸드폰)
테크노마트 강변,지인 (준보석)
테크노마트 강변,지파트너스
테크노마트 강변,"디키즈 (디키즈,퀴오스)"
테크노마트 강변,진국설렁탕 (설렁탕)
테크노마트 강변,진영종합공구 (각종케이블제작)
테크노마트 강변,진영툴스 (공구)
테크노마트 강변,"진우전자 (대형가전, 가전소품)"
테크노마트 강변,진우텔레콤 (핸드폰)
테크노마트 강변,진원전자 (음향가전)
테크노마트 강변,진주모바일 (핸드폰)
테크노마트 강변,진주통신 (핸드폰)
테크노마트 강변,진진모바일 (핸드폰)
테크노마트 강변,집파스타 (파스타)
테크노마트 강변,짜짜로 (중화요리)
테크노마트 강변,짱(J&C) (핸드폰)
테크노마트 강변,차이나 궁 (중화요리)
테크노마트 강변,착한가게 (핸드폰)
테크노마트 강변,"참사랑의 향기 (박사이즈, 임부복)"
테크노마트 강변,창원정보통신
테크노마트 강변,창조랜드
테크노마트 강변,천지컴퓨터 (조립컴퓨터)
테크노마트 강변,청송컴퓨터 (조립컴퓨터)
테크노마트 강변,청원텔레콤 (핸드폰)
테크노마트 강변,청음정보 (핸드폰)
테크노마트 강변,초이스 (쥬얼리)
테크노마트 강변,"초이스컴퓨터 (컴퓨터 조립, 수리)"
테크노마트 강변,최강모바일 (.)
테크노마트 강변,최강모바일2
테크노마트 강변,춘하추동 (곰탕)
테크노마트 강변,츄파춘스 (핸드폰)
테크노마트 강변,카라도전자 (.)
테크노마트 강변,스마트정석 (핸드폰)
테크노마트 강변,카카오통신 (핸드폰)
테크노마트 강변,카페리치 (매점)
테크노마트 강변,카페베리 (생즙음료)
테크노마트 강변,커버랜드 (핸드폰액세서리)
테크노마트 강변,커버랜드 (핸드폰액세서리)
테크노마트 강변,컴마스터 (컴퓨터)
테크노마트 강변,"컴마트 (컴퓨터, 주변기기)"
테크노마트 강변,컴사이버 (컴퓨터)
테크노마트 강변,컴스토리 (.)
테크노마트 강변,컴온씨앤씨(주) (.)
테크노마트 강변,컴이야기
테크노마트 강변,컴지기 (조립PC)
테크노마트 강변,"컴퓨터랜드 (조립컴퓨터, 모니터)"
테크노마트 강변,케이앤비시스템
테크노마트 강변,케이에스전기
테크노마트 강변,"와콤스토어(케이에이씨앤씨) (와콤, HP)"
테크노마트 강변,케이엔 (컴퓨터 소모품)
테크노마트 강변,코비통신 (핸드폰)
테크노마트 강변,코어시스 (컴퓨터)
테크노마트 강변,퀸즈JK (여성의류)
테크노마트 강변,큰집컴퓨터 (조립컴퓨터)
테크노마트 강변,"킹사운드 (하이파이,홈시어터)"
테크노마트 강변,킹통신
테크노마트 강변,타임21 (시계)
테크노마트 강변,탄뽀뽀 (일식)
테크노마트 강변,탑 (여성복)
테크노마트 강변,탑모바일 (.)
테크노마트 강변,에이스침대 (가구)
테크노마트 강변,태원 (핸드폰)
테크노마트 강변,태훈전자 (소형가전)
테크노마트 강변,장수돌침대 (가구)
테크노마트 강변,탱크에셋
테크노마트 강변,테라시스템 (컴퓨터)
테크노마트 강변,테크노 E 마트 (카메라)
테크노마트 강변,테크노21공인중개사무소 (공인중개사무소)
테크노마트 강변,테크노마트 매점 (매점)
테크노마트 강변,테크노마트MMS
테크노마트 강변,테크노몰 (조립컴퓨터)
테크노마트 강변,테크노문구 (핸드폰)
테크노마트 강변,테크노벨리 (컴퓨터)
테크노마트 강변,"캐논, 시그마서비스센타 (서비스센터)"
테크노마트 강변,"부림인텍 (이어폰,헤드폰수리)"
테크노마트 강변,테크노시스템 (컴퓨터조립)
테크노마트 강변,테크노안경원 (안경)
테크노마트 강변,테크노인쇄사 (인쇄·명함)
테크노마트 강변,테크노전기 (조명)
테크노마트 강변,테크노전자 (카메라)
테크노마트 강변,테크노정보기술 (컴퓨터 주변기기)
테크노마트 강변,테크노컴퓨터 (컴퓨터)
테크노마트 강변,테크노프라자 (소형가전)
테크노마트 강변,테크노피아 (조립컴퓨터)
테크노마트 강변,테크랜드21 (LG전자가전)
테크노마트 강변,아리따움 (화장품)
테크노마트 강변,테판스타 (철판볶음밥 )
테크노마트 강변,토마토 (편의시설)
테크노마트 강변,토탈티엠 (조립컴퓨터)
테크노마트 강변,토픽 (여성캐주얼)
테크노마트 강변,투빅 (핸드폰)
테크노마트 강변,투투 (완구)
테크노마트 강변,TS (핸드폰)
테크노마트 강변,티엠노트 (노트북 주변기기)
테크노마트 강변,티엠웨딩스퀘어 (웨딩/연회장)
테크노마트 강변,티컴
테크노마트 강변,티투모바일 (.)
테크노마트 강변,"티파니 (귀금속, 시계)"
테크노마트 강변,파워컴 (컴퓨터 소모품)
테크노마트 강변,"파인애플전자 (카메라, 전자사전)"
테크노마트 강변,파인애플통신 (핸드폰)
테크노마트 강변,팔구사오 (조립컴퓨터)
테크노마트 강변,퍼마트컴
테크노마트 강변,퍼스트시스템 (조립컴퓨터)
테크노마트 강변,퍼스트텔레콤 (.)
테크노마트 강변,퍼플피 (여성의류)
테크노마트 강변,포맥스(소모품나라) (컴퓨터 주변기기)
테크노마트 강변,포베이 (쌀국수전문점)
테크노마트 강변,포커스OA전산 (프린터)
테크노마트 강변,포토클럽 (사진)
테크노마트 강변,폰나무
테크노마트 강변,폰샵
테크노마트 강변,폰스토리
테크노마트 강변,폰팡
테크노마트 강변,푸른텔레콤 (핸드폰)
테크노마트 강변,풍납텔레콤 (핸드폰)
테크노마트 강변,프라이드컴 (컴퓨터)
테크노마트 강변,프라임공인중개사 (공인중개사무소)
테크노마트 강변,프라임치과 (치과)
테크노마트 강변,프리네트웍스 (컴퓨터및 주변기기)
테크노마트 강변,플러그 (핸드폰액세서리)
테크노마트 강변,플러스
테크노마트 강변,피노
테크노마트 강변,피에스모바일 (핸드폰)
테크노마트 강변,피오
테크노마트 강변,베스트모바일 (핸드폰)
테크노마트 강변,하나모바일 (핸드폰)
테크노마트 강변,하나사운드 (수입오디오)
테크노마트 강변,하나액세서리 (휴대폰액세서리)
테크노마트 강변,하나정보통신 (핸드폰)
테크노마트 강변,하늘molile (핸드폰)
테크노마트 강변,하늘높이 (카메라악세사리)
테크노마트 강변,하늘통신 (핸드폰)
테크노마트 강변,하얀세상 (핸드폰)
테크노마트 강변,하연텔레콤
테크노마트 강변,하이모비
테크노마트 강변,하이젬 (귀금속)
테크노마트 강변,하이픽스
테크노마트 강변,하하텔레콤 (핸드폰)
테크노마트 강변,한결
테크노마트 강변,금성침대 (침대)
테크노마트 강변,한국부라더 (미싱)
테크노마트 강변,세사리빙 (침구/커튼)
테크노마트 강변,한국쿡탑 (인덱션)
테크노마트 강변,한끼라면 (라면)
테크노마트 강변,한라전자 (대형가전)
테크노마트 강변,한미치과 (치과)
테크노마트 강변,한백프라자 (조립컴퓨터)
테크노마트 강변,한복데이원 (생활한복)
테크노마트 강변,한비즈씨엔아이
테크노마트 강변,"한빛OA전산 (잉크, 토너)"
테크노마트 강변,한빛프린터 (프린트)
테크노마트 강변,한솥도시락 (도시락전문점)
테크노마트 강변,한양마트 (소형가전)
테크노마트 강변,도깨비컴 (컴퓨터)
테크노마트 강변,"한일사 (카메라,렌즈)"
테크노마트 강변,한진전자 (음향기기)
테크노마트 강변,한진텔레콤 (핸드폰)
테크노마트 강변,할리스커피 (커피)
테크노마트 강변,세무법인 세림텍스 (세무사)
테크노마트 강변,해오름건강식품 (건강식품)
테크노마트 강변,해피월드 (.)
테크노마트 강변,해피통신 (핸드폰)
테크노마트 강변,헌트 (언더웨어)
테크노마트 강변,익스트림오디오 (.)
테크노마트 강변,헬로맥
테크노마트 강변,현대정보통신 (.)
테크노마트 강변,KB증권 (증권)
테크노마트 강변,현대프라자 (소형가전)
테크노마트 강변,현전자 (소형가전)
테크노마트 강변,현정보통신 (핸드폰)
테크노마트 강변,현컴퓨터 (조립컴퓨터)
테크노마트 강변,형제텔레콤 (핸드폰)
테크노마트 강변,호일통신 (핸드폰)
테크노마트 강변,호호칼국수 (칼국수)
테크노마트 강변,홍성전자 (빔프로젝트)
테크노마트 강변,홍익컴퓨터 (컴퓨터)
테크노마트 강변,홍코너 (떡볶이)
테크노마트 강변,화이트텔레콤 (핸드폰)
테크노마트 강변,화인오디오 (수입오디오)
테크노마트 강변,화인오디오 (수입오디오)
테크노마트 강변,환희통신
테크노마트 강변,"비스코 토탈휘트니스 (골프,피트니스)"
테크노마트 강변,휴대폰팩토리 (핸드폰)
테크노마트 강변,휴먼텔레콤 (핸드폰액세서리)
테크노마트 강변,희망통신 (핸드폰)
테크노마트 강변,미니슈퍼 (매점)
테크노마트 강변,히트컴 (컴퓨터외)
테크노마트 강변,힐링 (핸드폰)
아이파크몰 용산,까스텔바작
아이파크몰 용산,나이키골프
아이파크몰 용산,내셔널지오그라피
아이파크몰 용산,노스페이스
아이파크몰 용산,디스커버리
아이파크몰 용산,르꼬끄골프
아이파크몰 용산,밀레
아이파크몰 용산,슈페리어골프
아이파크몰 용산,아디다스골프
아이파크몰 용산,아베골프
아이파크몰 용산,엘르골프
아이파크몰 용산,와이드앵글
아이파크몰 용산,와일드로즈
아이파크몰 용산,잭니클라우스
아이파크몰 용산,커스텀멜로우
아이파크몰 용산,컬럼비아
아이파크몰 용산,코모도
아이파크몰 용산,킨록
아이파크몰 용산,톰보이
아이파크몰 용산,풋조이
아이파크몰 용산,BON
아이파크몰 용산,JDX골프
아이파크몰 용산,R.ZIOZIA
아이파크몰 용산,2ME
아이파크몰 용산,948키친
아이파크몰 용산,가가
아이파크몰 용산,가든준오
아이파크몰 용산,가리모쿠
아이파크몰 용산,감마&카르텔
아이파크몰 용산,갤러리어클락
아이파크몰 용산,건담베이스
아이파크몰 용산,게스
아이파크몰 용산,게스ACC
아이파크몰 용산,경성함바그
아이파크몰 용산,계절밥상
아이파크몰 용산,고기주는 냉면집
아이파크몰 용산,곰브라더스
아이파크몰 용산,공차
아이파크몰 용산,국민은행
아이파크몰 용산,그릴타이
아이파크몰 용산,글라스 스토리
아이파크몰 용산,금강
아이파크몰 용산,김밥W
아이파크몰 용산,까르뜨블랑슈
아이파크몰 용산,까사알렉시스
아이파크몰 용산,꼬떼따블
아이파크몰 용산,꾸즈
아이파크몰 용산,나뚜찌 에디션스
아이파크몰 용산,나이믹
아이파크몰 용산,나이스클랍
아이파크몰 용산,나이키
아이파크몰 용산,나인어클락
아이파크몰 용산,네일수다
아이파크몰 용산,노블
아이파크몰 용산,놀부부대찌개 8月 中 오픈예정
아이파크몰 용산,누누핑거스
아이파크몰 용산,뉴발란스
아이파크몰 용산,니뽕내뽕
아이파크몰 용산,닌텐도
아이파크몰 용산,다우닝
아이파크몰 용산,다이소
아이파크몰 용산,다이아미
아이파크몰 용산,닥스셔츠
아이파크몰 용산,닥터마틴
아이파크몰 용산,닭익는 마을
아이파크몰 용산,대원뮤지엄
아이파크몰 용산,더베이스 풋살장
아이파크몰 용산,던킨도너츠
아이파크몰 용산,데상트
아이파크몰 용산,데상트골프
아이파크몰 용산,도토리숲
아이파크몰 용산,돈돈정
아이파크몰 용산,돌레란
아이파크몰 용산,동우모피
아이파크몰 용산,디 바이올렛
아이파크몰 용산,디자인벤처스
아이파크몰 용산,디지털전문관
아이파크몰 용산,또까미
아이파크몰 용산,띠띠카베드
아이파크몰 용산,라인
아이파크몰 용산,락포트
아이파크몰 용산,랄라블라
아이파크몰 용산,레고
아이파크몰 용산,레노마셔츠
아이파크몰 용산,레노마수영복
아이파크몰 용산,레드아이
아이파크몰 용산,레이지보이
아이파크몰 용산,레코브
아이파크몰 용산,레프리카
아이파크몰 용산,로베르따
아이파크몰 용산,로아앤제인
아이파크몰 용산,로이드
아이파크몰 용산,롯데리아
아이파크몰 용산,루비나
아이파크몰 용산,룸나인
아이파크몰 용산,르꼬끄스포르티브
아이파크몰 용산,르니앤맥코이
아이파크몰 용산,르마블
아이파크몰 용산,"르쏘메(드뷔뷔에, 바로 발렌티)"
아이파크몰 용산,리바트스타일샵
아이파크몰 용산,리복
아이파크몰 용산,리뽀
아이파크몰 용산,리스트
아이파크몰 용산,리틀스텔라
아이파크몰 용산,마르헨제이
아이파크몰 용산,마리메꼬
아이파크몰 용산,마스터 보드게임즈
아이파크몰 용산,마시찜
아이파크몰 용산,마에스트로 블루라운지
아이파크몰 용산,마인드브릿지
아이파크몰 용산,매드포갈릭
아이파크몰 용산,매직캐슬
아이파크몰 용산,메밀공방
아이파크몰 용산,메트로시티
아이파크몰 용산,멘무샤
아이파크몰 용산,명동칼국수
아이파크몰 용산,모던하우스
아이파크몰 용산,몰랑
아이파크몰 용산,무냐무냐
아이파크몰 용산,무인양품
아이파크몰 용산,뮤젤
아이파크몰 용산,미미드비숑
아이파크몰 용산,미샤
아이파크몰 용산,미스타이거
아이파크몰 용산,미스터돈부리
아이파크몰 용산,미즈노
아이파크몰 용산,바리에르
아이파크몰 용산,바바라
아이파크몰 용산,바인드
아이파크몰 용산,박승철 헤어스투디오
아이파크몰 용산,반에스티
아이파크몰 용산,밴키즈
아이파크몰 용산,베네베네
아이파크몰 용산,베네통
아이파크몰 용산,베베드피노
아이파크몰 용산,베스킨라빈스
아이파크몰 용산,벤자민무어 페인트
아이파크몰 용산,별 주차장 (지하1층)
아이파크몰 용산,북촌손만두
아이파크몰 용산,불고기브라더스
아이파크몰 용산,브라더소잉 팩토리
아이파크몰 용산,비너스
아이파크몰 용산,비비안
아이파크몰 용산,비아인키노
아이파크몰 용산,"비욘드키친(큐티폴, 아사셀렉션)"
아이파크몰 용산,비지트인뉴욕
아이파크몰 용산,비키
아이파크몰 용산,빈스70
아이파크몰 용산,빈치스
아이파크몰 용산,빌리엔젤
아이파크몰 용산,사보텐
아이파크몰 용산,사월에 보리밥
아이파크몰 용산,삼송빵집
아이파크몰 용산,상상공간 뮤지엄 오픈예정
아이파크몰 용산,상상블럭
아이파크몰 용산,상상스케치
아이파크몰 용산,상하이
아이파크몰 용산,샤이바나
아이파크몰 용산,서브웨이
아이파크몰 용산,설빙
아이파크몰 용산,세라편집샵
아이파크몰 용산,세븐일레븐
아이파크몰 용산,센트홈
아이파크몰 용산,소다
아이파크몰 용산,송지오옴므
아이파크몰 용산,쇼콜라
아이파크몰 용산,숲
아이파크몰 용산,쉐르치
아이파크몰 용산,쉬즈미스
아이파크몰 용산,슈슈앤크라
아이파크몰 용산,슈스파
아이파크몰 용산,슈펜
아이파크몰 용산,스무디킹
아이파크몰 용산,"스미스S3(허먼 밀러, 에르고휴먼)"
아이파크몰 용산,스와로브스키
아이파크몰 용산,스코노
아이파크몰 용산,스타벅스
아이파크몰 용산,스테이크&부대찌개 브라더스
아이파크몰 용산,스테파넬
아이파크몰 용산,스톤헨지
아이파크몰 용산,스튜디오 유이
아이파크몰 용산,스트레스리스
아이파크몰 용산,스트리트츄러스
아이파크몰 용산,스펠로
아이파크몰 용산,슬립앤슬립
아이파크몰 용산,시리즈
아이파크몰 용산,시몬스&뷰티레스트블랙
아이파크몰 용산,시스템
아이파크몰 용산,시스템옴므
아이파크몰 용산,시슬리
아이파크몰 용산,시코르
아이파크몰 용산,신기소 플러스
아이파크몰 용산,신라아이파크면세점
아이파크몰 용산,실라
아이파크몰 용산,싱푸차이나
아이파크몰 용산,써스데이 아일랜드
아이파크몰 용산,씨네드쉐프
아이파크몰 용산,씰리
아이파크몰 용산,아디다스
아이파크몰 용산,아디다스 오리지널스
아이파크몰 용산,아디다스 키즈
아이파크몰 용산,아뜰리에다린
아이파크몰 용산,아레나스포츠
아이파크몰 용산,아리따움
아이파크몰 용산,아메리칸 이글
아이파크몰 용산,아메리칸레더
아이파크몰 용산,아비꼬
아이파크몰 용산,아이러브제이
아이파크몰 용산,아이에비뉴
아이파크몰 용산,아이파크 문화센터
아이파크몰 용산,아이파크몰 클리닉센터
아이파크몰 용산,안내데스크
아이파크몰 용산,안내데스크&유모차대여소
아이파크몰 용산,안데르센
아이파크몰 용산,안지크
아이파크몰 용산,알타이캐시미어
아이파크몰 용산,애니랜드
아이파크몰 용산,애니메이트
아이파크몰 용산,앤듀
아이파크몰 용산,앤티앤스프레즐
아이파크몰 용산,앳코너
아이파크몰 용산,야마하
아이파크몰 용산,양키캔들
아이파크몰 용산,언더아머
아이파크몰 용산,에디션
아이파크몰 용산,에뜨와
아이파크몰 용산,에머이
아이파크몰 용산,에스쏠레지아
아이파크몰 용산,에이스&헤리츠
아이파크몰 용산,에잇세컨즈
아이파크몰 용산,에피그램
아이파크몰 용산,엔제리너스
아이파크몰 용산,엘르 셔츠
아이파크몰 용산,연세밝은미소치과
아이파크몰 용산,영창뮤직
아이파크몰 용산,영풍문고
아이파크몰 용산,예작 셔츠
아이파크몰 용산,오가닉맘
아이파크몰 용산,오가다
아이파크몰 용산,오른
아이파크몰 용산,오스타 스시
아이파크몰 용산,오쭈
아이파크몰 용산,오크마운틴
아이파크몰 용산,오휘/후
아이파크몰 용산,올가홀푸드
아이파크몰 용산,올리브영
아이파크몰 용산,올젠
아이파크몰 용산,요기보
아이파크몰 용산,요하넥스
아이파크몰 용산,용산부동산
아이파크몰 용산,우리약국
아이파크몰 용산,우리은행
아이파크몰 용산,울디
아이파크몰 용산,원더플레이스
아이파크몰 용산,웰메이드
아이파크몰 용산,위니비니
아이파크몰 용산,위드드라마
아이파크몰 용산,유니클로
아이파크몰 용산,유니클로
아이파크몰 용산,유로타임
아이파크몰 용산,이가자헤어비스
아이파크몰 용산,이마트
아이파크몰 용산,이마트 24
아이파크몰 용산,이바돔
아이파크몰 용산,이브자리
아이파크몰 용산,이자와 규카츠
아이파크몰 용산,이화수
아이파크몰 용산,일룸
아이파크몰 용산,잇미샤
아이파크몰 용산,자노따
아이파크몰 용산,자라(ZARA)
아이파크몰 용산,자주
아이파크몰 용산,장독대 김치찜
아이파크몰 용산,장수돌침대
아이파크몰 용산,전주 현대옥
아이파크몰 용산,존스메들리
아이파크몰 용산,지유가오카브레드
아이파크몰 용산,지이크
아이파크몰 용산,지컷
아이파크몰 용산,챔피언 1250
아이파크몰 용산,카운테스마라
아이파크몰 용산,카페마마스
아이파크몰 용산,칸지고고
아이파크몰 용산,캐스키드슨
아이파크몰 용산,캘빈클라인진
아이파크몰 용산,캠브리지
아이파크몰 용산,커피빈
아이파크몰 용산,컨버스
아이파크몰 용산,컬쳐콜
아이파크몰 용산,"컴프오피스(바리오, 미니폼)"
아이파크몰 용산,컴프프로
아이파크몰 용산,케네스레이디
아이파크몰 용산,코오롱스포츠
아이파크몰 용산,퀵실버/록시
아이파크몰 용산,크레송
아이파크몰 용산,크록스
아이파크몰 용산,클럽모나코
아이파크몰 용산,키즈부띠끄
아이파크몰 용산,키친미미미
아이파크몰 용산,킹콩스튜디오
아이파크몰 용산,타르타르
아이파크몰 용산,타미야
아이파크몰 용산,타미진
아이파크몰 용산,타미힐피거
아이파크몰 용산,탐앤탐스
아이파크몰 용산,탑텐
아이파크몰 용산,탑텐 키즈
아이파크몰 용산,태림모피
아이파크몰 용산,탠디
아이파크몰 용산,테르미니
아이파크몰 용산,테르미니
아이파크몰 용산,테이트
아이파크몰 용산,템퍼
아이파크몰 용산,토레
아이파크몰 용산,토마틸로
아이파크몰 용산,토모톰스
아이파크몰 용산,토이피아
아이파크몰 용산,토쿠요
아이파크몰 용산,투썸플레이스
아이파크몰 용산,트리아나
아이파크몰 용산,트위
아이파크몰 용산,파스쿠찌
아이파크몰 용산,파타고니아
아이파크몰 용산,팝콘디스퀘어
아이파크몰 용산,팝퍼블
아이파크몰 용산,패션관 달 주차장
아이파크몰 용산,포멜카멜레
아이파크몰 용산,포베이
아이파크몰 용산,폴로랄프로렌
아이파크몰 용산,폴햄
아이파크몰 용산,푸마
아이파크몰 용산,프랑코페라로
아이파크몰 용산,프렌피
아이파크몰 용산,프롤리
아이파크몰 용산,프루라쥬
아이파크몰 용산,플락플락
아이파크몰 용산,플레이모빌
아이파크몰 용산,플렉사
아이파크몰 용산,"피앙카(드리아데, 디트로 이탈리아)"
아이파크몰 용산,피에르가르뎅
아이파크몰 용산,피터젠슨
아이파크몰 용산,피프티피프티
아이파크몰 용산,하나은행
아이파크몰 용산,하만카돈(JBL)
아이파크몰 용산,하우스오브쌤소나이트
아이파크몰 용산,하지나
아이파크몰 용산,한샘 디자인파크
아이파크몰 용산,한촌 탕반명가
아이파크몰 용산,햇츠온
아이파크몰 용산,헤이마&클라르하임
아이파크몰 용산,헤지스
아이파크몰 용산,헬셀
아이파크몰 용산,홍대개미
아이파크몰 용산,휠라 키즈
아이파크몰 용산,흙표흙침대
아이파크몰 용산,희차
아이파크몰 용산,히프노스
아이파크몰 용산,ab.f.z
아이파크몰 용산,ACCENT
아이파크몰 용산,BFO 치과
아이파크몰 용산,CGV
아이파크몰 용산,CPK(캘리포니아 피자 키친)
아이파크몰 용산,DKNY
아이파크몰 용산,Dr.퍼니스트
아이파크몰 용산,GS25
아이파크몰 용산,H&M
아이파크몰 용산,H&M HOME
아이파크몰 용산,JEEP
아이파크몰 용산,JILL by JILLSTUART
아이파크몰 용산,JJ지고트
아이파크몰 용산,K2
아이파크몰 용산,KFC
아이파크몰 용산,LAP
아이파크몰 용산,MLB
아이파크몰 용산,MLB 키즈
아이파크몰 용산,OST
아이파크몰 용산,SJSJ
아이파크몰 용산,TAX FREE
아이파크몰 용산,TBJ
아이파크몰 용산,TNGT
아이파크몰 용산,VOV
아이파크몰 용산,VR존
아이파크몰 용산,W.쉴리그&블랙
가든파이브,리틀갤러리가바
가든파이브,비에이치씨 가든파이브
가든파이브,에스피커뮤니티
가든파이브,CAFE올리브
가든파이브,GS25 가든파이브
가든파이브,송파농협가든파이브지점
가든파이브,가든 지지배
가든파이브,가든피아노
가든파이브,가우스안경
가든파이브,경인렌트카 송파영업소
가든파이브,그린패션
가든파이브,금정
가든파이브,꽃보다군인
가든파이브,나비향
가든파이브,노랭이
가든파이브,더마일권역사업부
가든파이브,돌2
가든파이브,락시크릿
가든파이브,루트세븐틴 가든점
가든파이브,리베르
가든파이브,리치브라운
가든파이브,마리나진주
가든파이브,모네슈즈
가든파이브,미니실버
가든파이브,미드센츄리(JNT SPACE)
가든파이브,미즈우미
가든파이브,비알금속
가든파이브,"세븐스토리,골드샵"
가든파이브,섹시앤
가든파이브,신우지에프
가든파이브,심플소잉NCC
가든파이브,아르젠상사(Lovely Bijoux)
가든파이브,아이보리
가든파이브,아이위즈안경
가든파이브,아카바
가든파이브,에이블갤러리
가든파이브,엘플라워
가든파이브,연우
가든파이브,오렌지 리퍼블릭
가든파이브,오한사
가든파이브,웰빙스토리
가든파이브,위즈(WIZ)
가든파이브,이카루스
가든파이브,제이다린
가든파이브,제이콜렉션
가든파이브,㈜반석비전
가든파이브,㈜아디아쥬얼리
가든파이브,"진희상사,피에르가르뎅"
가든파이브,참좋은숯침대
가든파이브,카이로스
가든파이브,코닥 가든파이점
가든파이브,큐라텍스
가든파이브,터틀베이스
가든파이브,트나무#3
가든파이브,트라이속옷
가든파이브,트리오브힐
가든파이브,프랜드(제일패션)
가든파이브,프린스
가든파이브,하나방티
가든파이브,한국도자기송파센타
가든파이브,ABMALL
가든파이브,HK레인몰
가든파이브,sexy앤
가든파이브,가든하우징1
가든파이브,그여자네집
가든파이브,스타일이슈
가든파이브,아이리스
가든파이브,제키
가든파이브,참좋은숯침대
가든파이브,헐리우드렉
가든파이브,더페이스샵
가든파이브,돌체앤가바나
가든파이브,럭셔리 갤러리
가든파이브,럭셔리 행사장
가든파이브,레노마 모자
가든파이브,로만손 시계
가든파이브,로이드(준보석)
가든파이브,베네통 핸드백
가든파이브,뷰티플렉스
가든파이브,셀린느
가든파이브,슈즈갤러리(해외제화)
가든파이브,슈펜
가든파이브,스킨푸드
가든파이브,아디아 쥬얼리
가든파이브,아리따움
가든파이브,에뛰드 하우스
가든파이브,에트로
가든파이브,이니스프리
가든파이브,임마누엘
가든파이브,자스카
가든파이브,질스튜어드 장갑
가든파이브,행사장
가든파이브,가든파이브 약국
가든파이브,데코
가든파이브,레노마 레이디
가든파이브,로짜
가든파이브,루엣
가든파이브,린
가든파이브,머스트비
가든파이브,모스코나
가든파이브,몬티니
가든파이브,미니멈
가든파이브,비비안
가든파이브,샤트렌
가든파이브,샤틴
가든파이브,쉬즈미스
가든파이브,아나베F
가든파이브,아나카프리
가든파이브,아르떼
가든파이브,아이잘 바바
가든파이브,안지크
가든파이브,앤디스 클라인
가든파이브,에블린
가든파이브,오스본
가든파이브,이헌영
가든파이브,지고트
가든파이브,지센
가든파이브,카라
가든파이브,칸타타
가든파이브,캐리스노트
가든파이브,케네스레이디
가든파이브,크로커다일 레이디
가든파이브,키이스
가든파이브,타마라
가든파이브,트라이엄프&엘르
가든파이브,포라리
가든파이브,행사장
가든파이브,행사장
가든파이브,행사장
가든파이브,헌트이너
가든파이브,후라밍고
가든파이브,BCBG
가든파이브,CK언더웨어
가든파이브,JJ지고트
가든파이브,KL
가든파이브,럭스파밀리아
가든파이브,애니바디
가든파이브,96ny
가든파이브,가발(모양클래식)
가든파이브,나이스클럽
가든파이브,더데이
가든파이브,데이텀
가든파이브,디아
가든파이브,르윗
가든파이브,미영이네 다모아
가든파이브,방울이네
가든파이브,보니 알렉스
가든파이브,시스템
가든파이브,신디
가든파이브,쏘시에
가든파이브,알토
가든파이브,엘르
가든파이브,예츠
가든파이브,온앤온
가든파이브,제이빔
가든파이브,㈜동방어패럴
가든파이브,주크
가든파이브,지컷
가든파이브,캐쥬미
가든파이브,커밍스텝
가든파이브,컬쳐콜
가든파이브,클라비스
가든파이브,투미
가든파이브,튜브
가든파이브,트렌드컬렉션
가든파이브,행사장
가든파이브,abf.z
가든파이브,CC컬렉트
가든파이브,CM 큐브
가든파이브,ENC
가든파이브,GGPX
가든파이브,SJSJ
가든파이브,VOV
가든파이브,동인유통
가든파이브,빈티지
가든파이브,의류수선실
가든파이브,탱커스
가든파이브,게스
가든파이브,더 스타일 룩
가든파이브,더 스타일 진
가든파이브,동인유통
가든파이브,버커루
가든파이브,블루스테이션
가든파이브,애드호크
가든파이브,앤듀
가든파이브,엠폴햄
가든파이브,유니온베이
가든파이브,인디고 뱅크
가든파이브,잠뱅이
가든파이브,잭앤질
가든파이브,지바이게스
가든파이브,지오다노
가든파이브,카이아크만
가든파이브,켈빈클라인
가든파이브,크럭스
가든파이브,크리스크리스티
가든파이브,클라이드
가든파이브,타미할피거
가든파이브,테이트
가든파이브,티니위니
가든파이브,팀스폴햄
가든파이브,폴햄
가든파이브,행사장
가든파이브,행텐
가든파이브,홀하우스
가든파이브,흄
가든파이브,ASK
가든파이브,H커넥트
가든파이브,jeep
가든파이브,NII
가든파이브,STAFF
가든파이브,TBJ
가든파이브,UGIZ
가든파이브,더카페
가든파이브,서울부동산
가든파이브,테이트
가든파이브,NC백화점 사무실
가든파이브,레노마
가든파이브,브랜우드
가든파이브,브랜유드
가든파이브,셔츠&타이
가든파이브,스파소
가든파이브,스파오 포맨
가든파이브,지오지아
가든파이브,코모도
가든파이브,킨록
가든파이브,파크랜드
가든파이브,프랑코 페라로
가든파이브,SAP
가든파이브,TOT
가든파이브,리복
가든파이브,아놀드파마
가든파이브,엘레쎄
가든파이브,토마토
가든파이브,행사장
가든파이브,행사장
가든파이브,헤리토리
가든파이브,김영주 골프
가든파이브,까르뜨블랑슈
가든파이브,란찌
가든파이브,링스
가든파이브,바쏘
가든파이브,본
가든파이브,스프리스
가든파이브,올젠
가든파이브,이동수 골프
가든파이브,임페리얼
가든파이브,지오투
가든파이브,지이크
가든파이브,티글
가든파이브,팬텀
가든파이브,PAT
가든파이브,수선실
가든파이브,아이크스커피
가든파이브,송월타올가든파이브
가든파이브,타운젠트
가든파이브,트루젠
가든파이브,한미타올
가든파이브,towelTV.TV
가든파이브,꼬망스
가든파이브,나이키 키즈
가든파이브,뉴발란스 키즈
가든파이브,모다까리나
가든파이브,밤비노
가든파이브,사진관(동그라미)
가든파이브,신디키즈
가든파이브,아디다스키즈
가든파이브,치크
가든파이브,코코리따
가든파이브,트리시
가든파이브,페르미츠
가든파이브,펠릭스키즈
가든파이브,더데이걸
가든파이브,도로시
가든파이브,리틀브랜
가든파이브,소이
가든파이브,쎄서미 내의
가든파이브,유솔
가든파이브,컬리수
가든파이브,코데즈컴바인키즈
가든파이브,톰키드
가든파이브,행사장
가든파이브,행텐키즈
가든파이브,헌트키즈
가든파이브,게스키즈
가든파이브,동인유통
가든파이브,"디즈니,밥스타일"
가든파이브,리바이스키즈
가든파이브,리틀브랜
가든파이브,미니모델
가든파이브,바비키즈
가든파이브,베네통키즈
가든파이브,블루머핀
가든파이브,쁘띠랭/앙떼떼
가든파이브,셀덴
가든파이브,에스핏
가든파이브,에어워크 주니어
가든파이브,이랜드 주니어
가든파이브,인디고키즈
가든파이브,크룩스
가든파이브,트윈키즈
가든파이브,헬로키티
가든파이브,휠라키즈
가든파이브,JCB주니어
가든파이브,구스띠모
가든파이브,오후
가든파이브,퍼플보우
가든파이브,SJ Holdings
가든파이브,고객상담실
가든파이브,놀이터
가든파이브,더카페
가든파이브,블럭버스
가든파이브,키즈랜드
가든파이브,가인채
가든파이브,다쯔미
가든파이브,리니미
가든파이브,뽀쪼
가든파이브,애슐리
가든파이브,카페루고
가든파이브,크라제버거
가든파이브,풀잎채 한상
가든파이브,하꼬야
가든파이브,호아빈
가든파이브,화유엔(호텔중식)
가든파이브,SUCRE(슈크레)
가든파이브,헤리스킨&스파
가든파이브,헤어그라피(박승철)
가든파이브,GK네일샵
가든파이브,가든페어
가든파이브,그레이멜린
가든파이브,대아금속
가든파이브,대우상사
가든파이브,디판(DPAN)
가든파이브,라파움코리아
가든파이브,리온
가든파이브,맥가이버디자인
가든파이브,빨래방 닷컴
가든파이브,삼보종합상사
가든파이브,손수지움 아트 앤 디자인
가든파이브,손재천세무회계사무소
가든파이브,신영상사
가든파이브,씨피네트워크
가든파이브,아울피크컴퍼니
가든파이브,에이치앤에이치라이프코리아
가든파이브,엔젤워크㈜
가든파이브,이든INC
가든파이브,이스트온상사
가든파이브,정도종합물류(주식회사)
가든파이브,정우상사
가든파이브,제이큐
가든파이브,㈜꼴데스
가든파이브,주네이션
가든파이브,㈜누림코리아
가든파이브,㈜더불어숲
가든파이브,㈜리더스재무설계
가든파이브,㈜모던 메디컬
가든파이브,㈜범강이엔지
가든파이브,㈜브라이언트레이시코리아
가든파이브,주식회사 라파
가든파이브,주식회사 보스타코
가든파이브,㈜어린이상상연구소
가든파이브,㈜지아이플래닝
가든파이브,㈜케이에스상사
가든파이브,㈜큐빗미디어소프트
가든파이브,㈜태영여행
가든파이브,㈜티앤아이
가든파이브,㈜하나모드무역
가든파이브,지오스(GOS)
가든파이브,"진희상사(마리클레르,미치코런던)"
가든파이브,칸비비코리아
가든파이브,캐러티
가든파이브,캠버리
가든파이브,케이씨솔루션
가든파이브,케이제이하우징
가든파이브,케이지스포츠㈜
가든파이브,터치플러스
가든파이브,티원
가든파이브,휘율파파
가든파이브,GPS CORPORATION
가든파이브,L&C
가든파이브,문현자
가든파이브,새로운구두수선
가든파이브,새로운구두수선
가든파이브,오렌지홈쇼핑
가든파이브,우리들매정
가든파이브,㈜하승
가든파이브,강한인터내셔널
가든파이브,디에이치올리브여행사
가든파이브,메가클럽투어㈜
가든파이브,이엠비아트
가든파이브,㈜골드텍
가든파이브,㈜미르인
가든파이브,㈜숲속의 요정
가든파이브,㈜케이엠디에셋매니지먼트
가든파이브,하나투어
가든파이브,프리스타일(보그)피어싱
가든파이브,대한공인중개사사무소
가든파이브,동남공인중개사
가든파이브,롯데리아
가든파이브,㈜경인레트카
가든파이브,대성상업
가든파이브,서울비디오
가든파이브,소리마당 레코드
가든파이브,포근한이불가게
가든파이브,JJ공방
가든파이브,JS유통
가든파이브,(주)디지털엔아나로그
가든파이브,2 ND SKIN
가든파이브,건일상사
가든파이브,건일상사
가든파이브,나래
가든파이브,네이처퍼블릭
가든파이브,동부상사
가든파이브,디에스씨
가든파이브,라니 쥬얼리
가든파이브,루디아
가든파이브,메트로의류(에델바이스)
가든파이브,명성글로벌씨앤씨
가든파이브,모아방
가든파이브,미카엘피니
가든파이브,베가트리이딩
가든파이브,비비플라워
가든파이브,비트로시스
가든파이브,빈프라임가든
가든파이브,송파전자담배프라자 가든파이브점
가든파이브,쇼좀
가든파이브,아르마디오(Armadio)
가든파이브,에스와이에스(SYS)패션
가든파이브,에이블갤러리
가든파이브,옥이네
가든파이브,이브골드
가든파이브,정애패션
가든파이브,제일전자
가든파이브,조은이불
가든파이브,㈜나도
가든파이브,주리
가든파이브,초이스
가든파이브,케이셈테크
가든파이브,콩깍지
가든파이브,킹스타 미래
가든파이브,해피모바일
가든파이브,허브다이어트가든
가든파이브,홈데트
가든파이브,가미야
가든파이브,다쯔미(회전초밥)
가든파이브,루시카레
가든파이브,리미니
가든파이브,모던하우스
가든파이브,빠스
가든파이브,뽀쪼
가든파이브,수라당
가든파이브,스쿨푸드
가든파이브,아이리시 포테이토
가든파이브,애슐리투고
가든파이브,야끼떼리아
가든파이브,푸드코트
가든파이브,프레즈베이글(베이커리)
가든파이브,피자몰
가든파이브,이디야커피
가든파이브,폰스타일
가든파이브,고쎄
가든파이브,글로벌 컬렉션
가든파이브,금강
가든파이브,뉴비올
가든파이브,댑
가든파이브,로엠
가든파이브,르샵
가든파이브,리스트
가든파이브,무크
가든파이브,미셸바이탠디
가든파이브,미소페
가든파이브,미쏘
가든파이브,벨라걸
가든파이브,보로와(BOROWA)쌈지
가든파이브,비아니
가든파이브,세라
가든파이브,소다
가든파이브,쏘시에
가든파이브,에스콰이어
가든파이브,엘칸토
가든파이브,예간
가든파이브,㈜나린프로모션
가든파이브,클루
가든파이브,트랜드샵
가든파이브,CM큐브
가든파이브,OST
가든파이브,SOUP
가든파이브,블루리본
가든파이브,썸네일
가든파이브,가든진뱅크
가든파이브,더카페
가든파이브,민중서적
가든파이브,스파오
가든파이브,주옥교역
가든파이브,청솔서적
가든파이브,친한친구
가든파이브,팰틱스
가든파이브,한미서적
가든파이브,햇츠온
가든파이브,행사장
가든파이브,후아유
가든파이브,ABC마트
가든파이브,써스데이 아일랜드
가든파이브,타미할피거
가든파이브,티니위니
가든파이브,행사장
가든파이브,BSX
가든파이브,FRJ
가든파이브,신세계통신
가든파이브,나일론핑크
가든파이브,네파
가든파이브,노스페이스
가든파이브,루켄
가든파이브,밀레
가든파이브,콜롬비아
가든파이브,행사장
가든파이브,휠라스포트
가든파이브,리복
가든파이브,아디다스
가든파이브,엘레쎄
가든파이브,케이스위스(K-SWISS)
가든파이브,푸마
가든파이브,프로스펙스
가든파이브,휴게공간
가든파이브,㈜씨씨팩토리
가든파이브,나이키
가든파이브,뉴발란스
가든파이브,아레나/엘르 수영복
가든파이브,휠라
가든파이브,넥스트맘
가든파이브,로엠걸즈
가든파이브,스텝키즈
가든파이브,아디다스 키즈
가든파이브,엘르
가든파이브,포인포
가든파이브,해피랜드 F&C 복합관
가든파이브,더데이걸
가든파이브,코코몽
가든파이브,유아휴게실
가든파이브,쇼콜라
가든파이브,쉐모아(구박홍근홈패션)
가든파이브,알로앤루
가든파이브,잉글리쉬 에그
가든파이브,NC소극장
가든파이브,궁채
가든파이브,멘타로
가든파이브,문화센터
가든파이브,브로드웨이(호텔뷔페)
가든파이브,애슐리
가든파이브,오므토다이닝
가든파이브,호아빈
가든파이브,후원
가든파이브,아모르네일
가든파이브,3D WAY
가든파이브,굳 프렌드(Good friend)
가든파이브,넥스
가든파이브,다다아트알루팝
가든파이브,다인컬설팅
가든파이브,대남섬유
가든파이브,대명상사
가든파이브,대양벨트
가든파이브,동진제약 식품사업부
가든파이브,라온새미
가든파이브,로호봇
가든파이브,명동집
가든파이브,세무법인다인-송파지점
가든파이브,스토리앤(Story&)
가든파이브,신대진금속
가든파이브,신설상사
가든파이브,신흥상사
가든파이브,아이대성
가든파이브,오더렛
가든파이브,용천실업
가든파이브,용천실업
가든파이브,우리두리백(Bag)점
가든파이브,우창실업
가든파이브,유성금속
가든파이브,유성금속
가든파이브,이삭상사
가든파이브,인덕
가든파이브,장스테코
가든파이브,제이씨투
가든파이브,㈜성화 TEX
가든파이브,㈜태원에터프라이즈
가든파이브,㈜피지피코리아
가든파이브,㈜피지피코리아
가든파이브,㈜항공티켓
가든파이브,지지렌트카
가든파이브,진성비니루상사
가든파이브,진수토건㈜
가든파이브,청도상사
가든파이브,케이제이리코
가든파이브,크레이브잇㈜
가든파이브,티에이치글로벌
가든파이브,OLIVER
가든파이브,S&Y 인터내셔날
가든파이브,가든5베스트공인중개사사무소
가든파이브,가든렌탈
가든파이브,가든플러스부동산
가든파이브,그린로드㈜
가든파이브,비바베케이션
가든파이브,비에스씨
가든파이브,소피아
가든파이브,수인투어
가든파이브,인산죽염촌강남대리점(인산방)
가든파이브,㈜도연기획
가든파이브,㈜수아띠
가든파이브,㈜여신기획
가든파이브,㈜제로디
가든파이브,㈜창문에안전
가든파이브,크레이브잇㈜
가든파이브,티타스코
가든파이브,한우세무법인
가든파이브,LBA명문공인중개사사무소
가든파이브,(주)바름시스템
가든파이브,(주)에스이팜
가든파이브,3D프린터슈퍼쓰리디엠
가든파이브,가든5피스
가든파이브,가든해장국
가든파이브,가바떡볶이
가든파이브,가쯔미
가든파이브,강남대부
가든파이브,광림상회
가든파이브,그린플라워
가든파이브,글로벌 민
가든파이브,깡통천국
가든파이브,남궁종호헤어
가든파이브,더원공인중개사무소
가든파이브,더원쭈구미
가든파이브,라이트 하우스㈜
가든파이브,레드 캡(가든투어)
가든파이브,롯데공인중개사 사무소
가든파이브,문화예술기획
가든파이브,바이더웨이가든파이브1호점
가든파이브,브이아이피렌트카플러스(주)
가든파이브,솔로몬작명소
가든파이브,송연가
가든파이브,슈넬주크
가든파이브,에스씨에이씨 3
가든파이브,에스티이엔씨
가든파이브,예인이앤씨
가든파이브,오랜지공인중개사사무소
가든파이브,왕딸기부동산
가든파이브,위례효성공인중개사사무소
가든파이브,잉크박사
가든파이브,㈜수인투어
가든파이브,㈜에스케이앤카
가든파이브,㈜에이블라이프
가든파이브,㈜조이피플
가든파이브,㈜프라임렌트카
가든파이브,㈜한국장애인문화예술지원협회
가든파이브,즐거운부동산
가든파이브,지포스개발
가든파이브,컴퓨터 구조대
가든파이브,탑푸르지오공인중개사
가든파이브,태영상사
가든파이브,테라로사 카페
가든파이브,투윈컴
가든파이브,파란디자인
가든파이브,파크부동산
가든파이브,파티엔웨딩홀
가든파이브,한우마을(본가큰댁설렁탕)
가든파이브,현코스메틱
가든파이브,휴먼엔텍
가든파이브,흥부네
가든파이브,SND시스템
가든파이브,WPS
가든파이브,로우알파인
가든파이브,블랙야크
가든파이브,스토리지 웍스
가든파이브,아네스에비뉴
가든파이브,에이글
가든파이브,와일드로즈
가든파이브,마모트
가든파이브,인스토어
가든파이브,파스쿠찌가든파이브점
가든파이브,네일스타일
가든파이브,로코코(Rococo)커피
가든파이브,로코코콜렉션
가든파이브,룰루베리
가든파이브,에스티조경
가든파이브,엔터식스 사무실
가든파이브,텃밭부동산
가든파이브,김도연
가든파이브,나인투나인
가든파이브,노마드
가든파이브,더블유코드
가든파이브,동명상사
가든파이브,라이싱제화
가든파이브,미래상사
가든파이브,바이신
가든파이브,블루칩
가든파이브,비단
가든파이브,비쥬
가든파이브,서일슈즈
가든파이브,세원조경개발
가든파이브,센스
가든파이브,쇼랜
가든파이브,슈나드
가든파이브,쌈지
가든파이브,쌩뜨
가든파이브,에넹(ENENT)
가든파이브,영포인트
가든파이브,오케이상사
가든파이브,유명보세
가든파이브,유현
가든파이브,장수상사
가든파이브,짱보세
가든파이브,코르소에코
가든파이브,콩고드
가든파이브,탄탄
가든파이브,트랜드
가든파이브,티엔느
가든파이브,평안화점
가든파이브,포즈원
가든파이브,프라임
가든파이브,한진슈즈
가든파이브,A-멕스
가든파이브,ESSE
가든파이브,이노디자인
가든파이브,노마드
가든파이브,님님
가든파이브,대박부동산
가든파이브,더스타일보보
가든파이브,리젠트
가든파이브,마포화점
가든파이브,민트
가든파이브,샴
가든파이브,신발정류장
가든파이브,아델리슈즈
가든파이브,아-월로
가든파이브,우진
가든파이브,윤성현 공인중개사
가든파이브,이멕스
가든파이브,장수상사
가든파이브,잼잼키즈
가든파이브,㈜까드페디엠
가든파이브,㈜한글스마트주소
가든파이브,중앙
가든파이브,진영
가든파이브,체디
가든파이브,체디3
가든파이브,쵸이스
가든파이브,카멜레온
가든파이브,캠프로드
가든파이브,캠프로드
가든파이브,퀸스텝(Queen STEP)
가든파이브,크루즈
가든파이브,크루즈
가든파이브,킴스
가든파이브,태광
가든파이브,태광
가든파이브,테라
가든파이브,한빛화점
가든파이브,(주)연우라이프
가든파이브,가든파이브
가든파이브,귀족
가든파이브,니켈
가든파이브,멀티코트
가든파이브,제이케이트레이드(JK Trade Inc)
가든파이브,㈜하이퍼스페이스
가든파이브,지에이치커뮤니케이션
가든파이브,신대엔텍
가든파이브,㈜금마렌터카
가든파이브,JNT SPACE
가든파이브,미래상사
가든파이브,슈즈원
가든파이브,신원교역
가든파이브,아이러브플랫
가든파이브,노나지
가든파이브,바바(VAVA)
가든파이브,비엔엔트코리아
가든파이브,슈어홀릭
가든파이브,와이크(YWKCREATIVE)
가든파이브,우성
가든파이브,우아미 스포츠
가든파이브,원터치 등산화
가든파이브,제이비케이커넥션
가든파이브,㈜메티스메티칼
가든파이브,㈜야탑공영
가든파이브,천일사
가든파이브,카라
가든파이브,코코리따
가든파이브,크리이브잇㈜
가든파이브,트랜드
가든파이브,훼일리태일
가든파이브,Style Lozzi(스타일 로찌)
가든파이브,시너지미디어텍
가든파이브,에스에스글로벌
가든파이브,젤리소프트
가든파이브,㈜이솔
가든파이브,C&H
가든파이브,모닝글로리
가든파이브,가든토이
가든파이브,가든파이브캐릭터샵
가든파이브,나비드라(Navidra)
가든파이브,동방상사
가든파이브,리스인홈
가든파이브,성광필방
가든파이브,소망문구사
가든파이브,승리문구 체육사
가든파이브,쏘울토이
가든파이브,엠토이
가든파이브,와이제이요요클럽
가든파이브,와이티인터내셔날
가든파이브,위디
가든파이브,위키즈
가든파이브,위펀(We Fun)
가든파이브,윤우통상
가든파이브,제이존 팬시나라
가든파이브,제이케이코리아
가든파이브,㈜우범프라자
가든파이브,㈜유정 es
가든파이브,파이브 시즌
가든파이브,하영유통
가든파이브,핫팬시
가든파이브,헬로키티
가든파이브,협성문구체육사
가든파이브,협성문구체육사
가든파이브,KISCO(키스코)
가든파이브,이비자
가든파이브,죠이
가든파이브,㈜디에스엔시스템
가든파이브,토이매점
가든파이브,학사부동산
가든파이브,이룸
가든파이브,하영유통
가든파이브,(주)부림씨앤씨
가든파이브,㈜그리드커뮤니케이션
가든파이브,㈜사운드레이스
가든파이브,㈜에스피코퍼레이션
가든파이브,㈜제이에스컴퍼니
가든파이브,㈜제이에이엠글로벌
가든파이브,㈜휴먼지식정보컴뮤니케이션
가든파이브,제이비 테크
가든파이브,㈜사운드레이스
가든파이브,지윤
가든파이브,헬스인포
가든파이브,란이켈렉션
가든파이브,솜씨뜨개방
가든파이브,은성ING
가든파이브,덕성피혁
가든파이브,동산피혁상사
가든파이브,동주피혁
가든파이브,범용피혁
가든파이브,베스트웨이상사
가든파이브,성호피혁
가든파이브,신일피혁
가든파이브,예다빛
가든파이브,재성상사
가든파이브,주식회사 제이마운트
가든파이브,(주)대원포장산업
가든파이브,(주)대원포장산업
가든파이브,가온미디어㈜
가든파이브,대원비니루
가든파이브,동경 포장
가든파이브,동명상사
가든파이브,동양테이프
가든파이브,두성상사
가든파이브,디자인 파트너스도담
가든파이브,라온(Raon)
가든파이브,리빙아트
가든파이브,리빙아트㈜
가든파이브,밥코리아(BOB KOREA)
가든파이브,벤엔데릭
가든파이브,수정팩
가든파이브,시크릿갤러리
가든파이브,에이투디투
가든파이브,우성비니루상사
가든파이브,원일수출포장
가든파이브,제이앤에스패밀리
가든파이브,㈜드림스토리에프앤비
가든파이브,㈜모다앤컴퍼니
가든파이브,㈜몬스터사이드
가든파이브,㈜아이앤피
가든파이브,㈜인피아드
가든파이브,㈜제이엔제이코리아
가든파이브,㈜제이엠디소프트
가든파이브,㈜태방파텍
가든파이브,㈜플러스시스템
가든파이브,천일사
가든파이브,코체안마의자
가든파이브,큰테크산업
가든파이브,판임상사
가든파이브,한국이피에스산업㈜
가든파이브,해가온커뮤니케이션
가든파이브,행동과학원
가든파이브,협진상사
가든파이브,SIS팩
가든파이브,그린제약
가든파이브,믿음상사
가든파이브,시안씨티
가든파이브,씨앤피산업
가든파이브,오이씨(OEC)
가든파이브,유니크
가든파이브,㈜네오씨앤씨코리아
가든파이브,㈜비티아이웍스
가든파이브,㈜씨피프로페셔널
가든파이브,㈜에코라인
가든파이브,㈜엔투에이치
가든파이브,㈜여의
가든파이브,㈜코리아메디컬리젠시
가든파이브,㈜태양
가든파이브,㈜휴먼그램
가든파이브,청한세미컴
가든파이브,코오롱플로링㈜
가든파이브,행복상사
가든파이브,헬리테크㈜
가든파이브,현대택배
가든파이브,SMCQ
가든파이브,맥지메이크업
가든파이브,아이티에스㈜
가든파이브,㈜메이트우드
가든파이브,㈜명화로지스
가든파이브,진선미공인중개사
가든파이브,(주)엠큐어
가든파이브,가든파이브안경
가든파이브,메디포스
가든파이브,뷰티앤카이로
가든파이브,엠큐어
가든파이브,포워드 메디칼
가든파이브,(주)아쿠아텍사라야코리아
가든파이브,그린환경
가든파이브,넥스파워
가든파이브,대명아트㈜
가든파이브,대성조각
가든파이브,더빅상사
가든파이브,도시개발
가든파이브,동명반도체
가든파이브,동진제약(식품사업부)
가든파이브,마조아컴퍼니
가든파이브,맴피스텍
가든파이브,모아엔지니어링
가든파이브,뮤엠교육 강남지사
가든파이브,미디어스톰
가든파이브,블르 라팡 드 메
가든파이브,사라잇
가든파이브,삼화기전
가든파이브,성우MEDI TECH
가든파이브,성진기전
가든파이브,성흥TS
가든파이브,세남 M&C
가든파이브,슈미츠앤코홍콩리미티드한국지점
가든파이브,신영코리아시스템
가든파이브,심포시스
가든파이브,아그데아그데
가든파이브,오토리더
가든파이브,원경센서
가든파이브,유로윈
가든파이브,유웰스세이프텍
가든파이브,이젠씨엔에스
가든파이브,이큐엘유통
가든파이브,재미넷
가든파이브,제이디엔아이
가든파이브,제이앤비컴바인
가든파이브,㈜감각에이엔아이
가든파이브,㈜그린비인터내셔널
가든파이브,㈜금강에프엔씨
가든파이브,㈜금형
가든파이브,㈜리캔솔루션
가든파이브,㈜세교무역
가든파이브,㈜엔타뷰
가든파이브,㈜제이스타컴
가든파이브,㈜제이에이치인터내셔널
가든파이브,㈜조은에스피에스
가든파이브,㈜킹스티이씨
가든파이브,㈜팬텀코리아
가든파이브,㈜프로이스트코리아
가든파이브,㈜한국정밀그라우팅
가든파이브,㈜SH철강
가든파이브,진흥상사
가든파이브,체이놀
가든파이브,컴퍼니제이
가든파이브,풍성기전㈜
가든파이브,하나우드
가든파이브,한일트랜스
가든파이브,한진관광 가든5점
가든파이브,현테크
가든파이브,혜성모타
가든파이브,화인과학
가든파이브,삼경씨앤드티
가든파이브,아현박사공인중개사
가든파이브,㈜리드건축사사무소
가든파이브,(주)진성모바일
가든파이브,08조명 엘이디
가든파이브,건영테크
가든파이브,대성크린
가든파이브,동양메디칼
가든파이브,세미텍코퍼레이션
가든파이브,써니플레이스(Sunny Place)
가든파이브,씨앤피산업
가든파이브,씨엘컴포넌츠(CLS)
가든파이브,아이티인포
가든파이브,유진에프엔비
가든파이브,입체영상
가든파이브,제이에스코스메틱
가든파이브,㈜럭키쎄븐에프앤씨
가든파이브,㈜메디유
가든파이브,㈜미래메르
가든파이브,주식회사 코모플러스
가든파이브,㈜신한빛조경
가든파이브,주유천하여행사
가든파이브,㈜정품
가든파이브,㈜하누리아이앤씨
가든파이브,㈜하이텍코리아
가든파이브,코포사운드
가든파이브,한국종합상사
가든파이브,(주)비켄코리아
가든파이브,닥터발린스
가든파이브,동화상공
가든파이브,디자인모노피㈜
가든파이브,믿음운수
가든파이브,법무사최재진사무소
가든파이브,블루길(bloogill)
가든파이브,블루메디
가든파이브,비젠케어
가든파이브,삼성전업사
가든파이브,세무사 안치석 사무소
가든파이브,소풍여행사
가든파이브,싸이너스
가든파이브,씨맥스
가든파이브,아이디 브릿지(ID Bridge)
가든파이브,앰엠지
가든파이브,에스피메디칼㈜
가든파이브,에이케이스타일
가든파이브,엔돌핀골프회원권거래소
가든파이브,오성에스에스디
가든파이브,위더스㈜
가든파이브,위푸드빌
가든파이브,㈜고려씨앤에프
가든파이브,㈜네오인터네셔날
가든파이브,㈜디.씨.에스
가든파이브,㈜보탬SM
가든파이브,㈜서울식연
가든파이브,㈜서정하이텍
가든파이브,㈜세미시아코리아
가든파이브,㈜솔
가든파이브,㈜아이넴씨에스
가든파이브,㈜아주환경연구소
가든파이브,㈜에이치에스하우징
가든파이브,㈜엠파
가든파이브,㈜위너스 글로벌
가든파이브,㈜위녹스
가든파이브,㈜제이랩
가든파이브,㈜진영상품
가든파이브,㈜테이팩필림자산관리
가든파이브,지트씨엔엠㈜
가든파이브,진성전기조명
가든파이브,진영전기통신
가든파이브,테라엠앤씨
가든파이브,트러스트이앤씨
가든파이브,팡시스템
가든파이브,포시즌
가든파이브,한국인체공학신발연구소(KIBS)
가든파이브,해솔감정평가사무소
가든파이브,현진자동제어
가든파이브,SE손해사정
가든파이브,가든파이브 슈퍼
가든파이브,동부화재
가든파이브,반석공인중개사
가든파이브,스파크컴퍼니(SPARK COMPANY)
가든파이브,㈜트라이엠
가든파이브,㈜패거리
가든파이브,Design M(디자인엠)
가든파이브,송파우체국
가든파이브,운정면옥
가든파이브,알렉스
가든파이브,테크노가든
가든파이브,비에이치씨 가든파이브
가든파이브,이가자헤이비스
가든파이브,㈜테르토엔 시드누아 가든파이브점
가든파이브,디트로네
가든파이브,리더스블루
가든파이브,미즈온
가든파이브,바디샵
가든파이브,베이직하우스
가든파이브,스페리
가든파이브,어스앤뎀
가든파이브,온브랜드
가든파이브,유니바이크
가든파이브,인터크루
가든파이브,일나뚜랄레
가든파이브,크록스
가든파이브,크리스 크리스티
가든파이브,토니모리
가든파이브,폴제니스
가든파이브,피츠로이
가든파이브,햇츠온
가든파이브,행사장
가든파이브,행사장
가든파이브,행사장
가든파이브,행사장
가든파이브,행사장
가든파이브,행사장
가든파이브,JXJ
가든파이브,송파우체국
가든파이브,구스띠모
가든파이브,밀톤
가든파이브,미스터전자
가든파이브,불이계전
가든파이브,삼성전자
가든파이브,소신카메라
가든파이브,소신카메라
가든파이브,신우상사(신우 ELEC)
가든파이브,신한종합상사
가든파이브,아크디자인 전자
가든파이브,종합디지탈
가든파이브,친구처럼
가든파이브,가든파이브 문씨네
가든파이브,광장텍
가든파이브,금잔듸통신
가든파이브,길통신
가든파이브,남경상사
가든파이브,다이알 상사
가든파이브,두리텔레토피아
가든파이브,민통신
가든파이브,베스트
가든파이브,사람이텔레콤
가든파이브,삼성공인중개사
가든파이브,에코존
가든파이브,위례희망택배
가든파이브,유엔모바일
가든파이브,유인선임대
가든파이브,종합정보통신
가든파이브,종합통신
가든파이브,㈜까르페디엠
가든파이브,㈜시원테크
가든파이브,피아텔레콤
가든파이브,행복한티브이(TV)
가든파이브,희망
가든파이브,SK TELECOM(아라텔레콤)
가든파이브,가든파이브공인중개사
가든파이브,꽃 찾는 부동산
가든파이브,영진크리에이티브
가든파이브,㈜명품가
가든파이브,가든5컴퓨터
가든파이브,가든컴퓨터
가든파이브,국제통상
가든파이브,디에이치데크
가든파이브,선경프라자
가든파이브,오성컴퓨터
가든파이브,㈜고컴씨스템 TG삼보
가든파이브,컴그루
가든파이브,게임테크
가든파이브,마샤와미니
가든파이브,가든지류
가든파이브,건우엔지니어링
가든파이브,유로씨앤에스
가든파이브,㈜가이야씨앤지
가든파이브,동은H&M
가든파이브,드림컴퍼니
가든파이브,레인뮤직
가든파이브,로즈에끌랑
가든파이브,센서테크
가든파이브,아리따움
가든파이브,에리트전자
가든파이브,에이케이스타일
가든파이브,유일지텍
가든파이브,제이네트웍스
가든파이브,㈜엠케이메디칼
가든파이브,캐리어 매직앤드
가든파이브,코코리따
가든파이브,큐에이알에이협동조합
가든파이브,트램코퍼레이션
가든파이브,펌핑치킨
가든파이브,픽셀랩
가든파이브,현대경매연구소
가든파이브,그룹스페이퍼
가든파이브,코이메디칼
가든파이브,대동전자
가든파이브,데이코조명
가든파이브,디자인스토리
가든파이브,리하우스
가든파이브,메드(MAD)
가든파이브,부성조명상사
가든파이브,비젼나인
가든파이브,엔티크스토리
가든파이브,㈜에버룩스
가든파이브,파피루스
가든파이브,해피베베맘스튜디오
가든파이브,EMONS(에몬스)
가든파이브,NEST(네스트)
가든파이브,선일종합식품
가든파이브,진성이엔에스
가든파이브,CAFE오아시스
가든파이브,두인폴리캠
가든파이브,민 코페레이션
가든파이브,바론(BARON)
가든파이브,세라(SERA)
가든파이브,효성카페트
가든파이브,TAM(탐)
가든파이브,미래상사
가든파이브,여진상사
가든파이브,(주)에스엠파워
가든파이브,나태수세무회계사무소
가든파이브,노란돌고래
가든파이브,대명전자
가든파이브,대현전자
가든파이브,대호
가든파이브,동명반도체
가든파이브,동환전자
가든파이브,리든리브즈코리아
가든파이브,보고시스텍㈜
가든파이브,비에쓰케이㈜
가든파이브,사무기임대협동조합
가든파이브,세무사 김관수 사무소
가든파이브,신일정밀
가든파이브,씨유한강잠실 1호
가든파이브,아이엔네트웍스
가든파이브,아이티튜브
가든파이브,에드게이트홀딩스㈜
가든파이브,에스티에스통신(주)_이석분
가든파이브,에이엠에프(AMF)코리아㈜
가든파이브,에이원메딕스
가든파이브,엘피테크전자
가든파이브,유니글로벌
가든파이브,제이더블유 트레이딩
가든파이브,㈜두원엠앤에스
가든파이브,㈜블루아이콘
가든파이브,㈜삼흥중전기
가든파이브,㈜스파인엠티
가든파이브,㈜스파인엠티
가든파이브,㈜스파인엠티
가든파이브,㈜아이댄아이
가든파이브,주에이앤아이코러스
가든파이브,㈜위키모바일
가든파이브,㈜유비콜
가든파이브,㈜제이알소프트
가든파이브,㈜지시바이오
가든파이브,㈜키마스
가든파이브,㈜티에스엔지니어링(TS engineering)
가든파이브,㈜티제이서울어패럴
가든파이브,㈜파이너스
가든파이브,㈜하남전자산업
가든파이브,㈜하이로닉
가든파이브,㈜한림통상
가든파이브,태영엠엔씨
가든파이브,튼튼영어송파체험센타
가든파이브,파크월드
가든파이브,프로토콜마스터
가든파이브,피에스피에프앤디㈜PSP F&D
가든파이브,하남전자산업㈜
가든파이브,한양전자
가든파이브,홍일전자
가든파이브,힐링팩토리
가든파이브,E&CM
가든파이브,S.H전자
가든파이브,가든퀵 서비스
가든파이브,경희공인중개사사무소
가든파이브,구스띠모
가든파이브,그린애플마트
가든파이브,위드커피
가든파이브,㈜해림YSK
가든파이브,SH corporation
가든파이브,광원전기㈜
가든파이브,(유)아이피인
가든파이브,(주)휴스컨설팅
가든파이브,가든FA
가든파이브,강남태진미디어
가든파이브,경기자동차공매㈜
가든파이브,네오베이스
가든파이브,네오칩
가든파이브,뉴욕스토리
가든파이브,대명전기
가든파이브,독일부품㈜
가든파이브,동양시스템
가든파이브,디장니숲
가든파이브,랜드아우라
가든파이브,리얼캠
가든파이브,맘스초이스
가든파이브,무림교역
가든파이브,미조전자
가든파이브,부성전자
가든파이브,블럭스
가든파이브,비엘메디칼(BL Medical)
가든파이브,삼성건전지
가든파이브,삼원메딕스
가든파이브,삼일상사
가든파이브,상도전자
가든파이브,선현전자
가든파이브,성문전자
가든파이브,세진엔지니어링
가든파이브,송도전기
가든파이브,아이넷코리아
가든파이브,아이알켄㈜
가든파이브,아희레저
가든파이브,에스비솔루션
가든파이브,에스에이치코리아
가든파이브,엠에스씨세미컴
가든파이브,와이씨양행
가든파이브,우림아이앤씨
가든파이브,우주기전
가든파이브,은호전자
가든파이브,이앤비쎄미컴
가든파이브,이지매뉴얼
가든파이브,이지커머스
가든파이브,제이씨컴포넌트
가든파이브,제이컴
가든파이브,㈜굿스
가든파이브,㈜네이처스트링스
가든파이브,㈜디다카
가든파이브,㈜디자인아모스
가든파이브,㈜만희기전
가든파이브,㈜메디스프로
가든파이브,㈜무림교역
가든파이브,㈜성한
가든파이브,㈜세원나라
가든파이브,주식회사 엔티
가든파이브,㈜신성플러스
가든파이브,㈜씨케이뷰티트레이딩컴퍼니
가든파이브,㈜엘씨티엘
가든파이브,㈜엠에스씨세미컴
가든파이브,주연테크컴퓨터송파서비스센터
가든파이브,㈜와이씨양행
가든파이브,㈜웰리테크
가든파이브,㈜이스트쿤스트코리아
가든파이브,㈜이씨에스
가든파이브,㈜인스라이프
가든파이브,㈜제이스타컴
가든파이브,㈜지엔아이이엔씨
가든파이브,㈜청한
가든파이브,㈜컴파니
가든파이브,㈜타우
가든파이브,㈜티앤에프통상
가든파이브,㈜펜랩
가든파이브,㈜하모닉스
가든파이브,㈜KD신호드림
가든파이브,준일반도체
가든파이브,지메딕스
가든파이브,창윤전자
가든파이브,컴파크
가든파이브,코아시스
가든파이브,쿡 인터내셔널
가든파이브,태영일렉트로닉스
가든파이브,태흥종합배터리
가든파이브,티와이드텍
가든파이브,펄스디자인
가든파이브,포유메디
가든파이브,포인텍이엔씨㈜
가든파이브,피플맥스
가든파이브,필스페이스
가든파이브,한국산전
가든파이브,한진
가든파이브,헤븐전자
가든파이브,현진전자
가든파이브,화성전자
가든파이브,훈(HOON)건축사무소
가든파이브,DS_TEC
가든파이브,MAXIS3D(맥시스3D)
가든파이브,SD모바일
가든파이브,SDC(에스디씨)
가든파이브,(주)골든인터내셔널
가든파이브,바다매점
가든파이브,성림이엔지
가든파이브,㈜대경케이엔제이
가든파이브,㈜자미원에프앤지
가든파이브,㈜제이에스물산
가든파이브,(주)명인메디텍
가든파이브,(주)코리아벨겐상사
가든파이브,(주)코웰시스
가든파이브,광명기전
가든파이브,광명전자
가든파이브,대성전기
가든파이브,대하전기상사
가든파이브,대한기획공사
가든파이브,"도소매,서비스"
가든파이브,드림파이브
가든파이브,드림파이브
가든파이브,디에프코리아
가든파이브,디자인모노피
가든파이브,명진전기
가든파이브,몬티나
가든파이브,삼정엘리베이터㈜
가든파이브,상진전기
가든파이브,성보전기
가든파이브,스마트스크린솔루션㈜
가든파이브,스타파이브
가든파이브,써니오토
가든파이브,아이이 디자인
가든파이브,아이티페이퍼
가든파이브,아줄뷰티코리아
가든파이브,양지전기조명
가든파이브,에이치엠씨
가든파이브,예본 D&C
가든파이브,원일전기
가든파이브,유에스코
가든파이브,이엔에이프리미엄
가든파이브,㈜골드쉬림프
가든파이브,㈜농우
가든파이브,㈜더브라운베이커리
가든파이브,㈜라온커튼월
가든파이브,㈜레알 쏠리드
가든파이브,㈜보루
가든파이브,㈜비엔에스글로벌
가든파이브,㈜삼국
가든파이브,㈜신애상사
가든파이브,㈜알이엠시스템
가든파이브,㈜지엔이테크
가든파이브,㈜코지라이프서울
가든파이브,㈜키즈원
가든파이브,㈜프로디바이스
가든파이브,토탈플레닝서비스
가든파이브,티유브이오스트리아대표
가든파이브,티유브이오스트리아㈜
가든파이브,파워티엠
가든파이브,퍼니홈
가든파이브,퓨코텍
가든파이브,피엔피기획
가든파이브,하나산업
가든파이브,하나씨엠지㈜
가든파이브,하나전기
가든파이브,하늘소리
가든파이브,한미자동기기
가든파이브,한일도란스
가든파이브,한창트랜스
가든파이브,화성전기
가든파이브,화성전기
가든파이브,화인엠엔에스
가든파이브,conix(코닉스)
가든파이브,YB기획
가든파이브,(주) 도원
가든파이브,(주)르호봇 코리아
가든파이브,(주)베가컨설팅
가든파이브,(주)씨엔티에스아이
가든파이브,(주)웰포인트
가든파이브,(주)전원약품
가든파이브,3G PLUS
가든파이브,강석전자
가든파이브,넥스텍 일렉트로닉스
가든파이브,대현전자
가든파이브,디자인틀
가든파이브,매일회원권거래소
가든파이브,석세스파트너
가든파이브,셀코일렉트로닉스
가든파이브,씨앤지
가든파이브,알앤비
가든파이브,에이프로시스템즈
가든파이브,엠케이텍
가든파이브,엠투홈㈜
가든파이브,영유전자
가든파이브,오피에이취테크
가든파이브,원방재㈜
가든파이브,원상사
가든파이브,인피니어
가든파이브,전원약품
가든파이브,㈜글로벌냉동식품
가든파이브,주영계측기
가든파이브,㈜익스플즌
가든파이브,㈜코코몰
가든파이브,진우엔지니어링
가든파이브,크루즈
가든파이브,포세이돈
가든파이브,문화예술기획
가든파이브,테크노공인중개사사무소
가든파이브,성우이엔씨
가든파이브,세무법인 세조
가든파이브,제닉스
가든파이브,㈜가온소프트
가든파이브,㈜세보메탈
가든파이브,주식회사 인터케인
가든파이브,㈜윤성지앤티
가든파이브,(주)에스크이엔씨
가든파이브,(주)이글렌탈
가든파이브,(주)화동물산
가든파이브,가우엔지니어링
가든파이브,대웅메디텍
가든파이브,더블유글로벌
가든파이브,디아이 인테리어
가든파이브,라디스
가든파이브,마잘(MAZAL)
가든파이브,메가블루
가든파이브,모아기업
가든파이브,보은전기상사
가든파이브,세미플러스
가든파이브,센트로닉스
가든파이브,써니웰코리아㈜
가든파이브,써니웰코리아㈜
가든파이브,아이오시스템코리아
가든파이브,에이씨아이건설
가든파이브,에코프랜드
가든파이브,엠브이 솔루션
가든파이브,예음악기
가든파이브,와이드테크놀리지
가든파이브,와이셀(WISEL)
가든파이브,우진계기압력계센타
가든파이브,위메디케어㈜
가든파이브,유성클리sld(yusung cleaning)
가든파이브,이로엠연구소
가든파이브,제이앤제이전자
가든파이브,제이제이몰
가든파이브,㈜네일코리아
가든파이브,㈜더좋은미래
가든파이브,㈜더퓨처스
가든파이브,㈜라임데이타
가든파이브,㈜로그정보시스템
가든파이브,㈜무한에스티
가든파이브,㈜문사모
가든파이브,㈜브랜드홀딩스
가든파이브,㈜브이서치
가든파이브,㈜비온디소프트
가든파이브,㈜시현
가든파이브,주식회사 아라무역
가든파이브,㈜신우지에프
가든파이브,㈜아주육운
가든파이브,㈜우성항공여행사
가든파이브,㈜코니웰
가든파이브,㈜포컴
가든파이브,㈜한올엔지니어링
가든파이브,캠프하이
가든파이브,코리아디스플레이리미티드
가든파이브,콕
가든파이브,티앤더블유커뮤니케이션
가든파이브,하나로테크
가든파이브,한결물류
가든파이브,한국바이탈
가든파이브,현대멀티캡㈜
가든파이브,IKG코리아
가든파이브,KY tech
가든파이브,명품공인중개사사무소
가든파이브,세븐브릿지
가든파이브,안현민특수수기
가든파이브,용호
가든파이브,우리상사(woori.co)
가든파이브,㈜가건종합건축사사무소
가든파이브,㈜세계로여행사
가든파이브,한빛세무회계사무소
가든파이브,알펜시아웨딩홀 연회장3
IFC몰,가든준오
IFC몰,갭(L1)
IFC몰,갭(L2)
IFC몰,계절밥상
IFC몰,그라놀로지
IFC몰,까웨
IFC몰,나이키
IFC몰,나폴레옹제과점
IFC몰,네이처리퍼블릭
IFC몰,뉴오리진
IFC몰,닐스야드 레머디스
IFC몰,다름수선
IFC몰,더 스테이크 하우스
IFC몰,더 일마
IFC몰,더바디샵
IFC몰,더플레이스
IFC몰,데상트
IFC몰,디자인스킨
IFC몰,디초콜릿커피앤드
IFC몰,라코스테
IFC몰,락앤웍
IFC몰,락포트
IFC몰,랄라블라
IFC몰,러쉬
IFC몰,록시땅
IFC몰,마시모두띠
IFC몰,망고
IFC몰,맥도날드
IFC몰,멘무샤
IFC몰,무인양품(L1)
IFC몰,무인양품(L2)
IFC몰,미니골드
IFC몰,미쏘
IFC몰,바디디자인
IFC몰,백미당
IFC몰,버쉬카
IFC몰,베네피트
IFC몰,부츠
IFC몰,비쇼네
IFC몰,빅토리아 슈즈
IFC몰,빌리엔젤
IFC몰,사리원
IFC몰,소호앤노호
IFC몰,스무디킹
IFC몰,스와로브스키
IFC몰,스와치
IFC몰,스케쳐스
IFC몰,스타벅스
IFC몰,스타벅스 리저브
IFC몰,시마스시
IFC몰,아디다스 퍼포먼스
IFC몰,아르마니 익스체인지
IFC몰,아리따움
IFC몰,아베다
IFC몰,아비꼬푸드
IFC몰,아오리라멘
IFC몰,알도
IFC몰,알로
IFC몰,알로하포케
IFC몰,앤드류앤레슬리
IFC몰,어니스트키친
IFC몰,언더아머
IFC몰,영풍문고
IFC몰,오 렌즈
IFC몰,오가다
IFC몰,오미식당
IFC몰,오이쇼
IFC몰,온더보더
IFC몰,올리브마켓
IFC몰,올리브영
IFC몰,와세다야
IFC몰,즐스 프레즐
IFC몰,유니클로(L1)
IFC몰,유니클로(L2)
IFC몰,이솝
IFC몰,자라
IFC몰,자라홈
IFC몰,장사랑
IFC몰,제일제면소
IFC몰,준오헤어
IFC몰,지오다노
IFC몰,찰스앤키스
IFC몰,카카오프렌즈
IFC몰,카페마마스
IFC몰,캐리키즈카페
IFC몰,캔들라인
IFC몰,커스텀멜로우
IFC몰,커피빈(1호점)
IFC몰,커피빈(2호점)
IFC몰,컨셉원
IFC몰,코스
IFC몰,콘타이
IFC몰,테리베리베어 키즈앤맘 웨어
IFC몰,테이스팅룸
IFC몰,토니모리
IFC몰,티로프
IFC몰,판다익스프레스
IFC몰,푸드엠파이어
IFC몰,풀앤베어
IFC몰,프리스비 애플샵
IFC몰,핫티
IFC몰,허머스 키친
IFC몰,허유산
IFC몰,홀리스터
IFC몰,홉슈크림
IFC몰,홍수계찜닭
IFC몰,훠궈야
IFC몰,휠라
IFC몰,CGV
IFC몰,GS25
IFC몰,SKT
타임스퀘어,이자와
타임스퀘어,난닝구
타임스퀘어,유아동복
타임스퀘어,웰메이드
타임스퀘어,이마트(식품)
타임스퀘어,위니비니
타임스퀘어,풀잎채
타임스퀘어,홍대돈부리
타임스퀘어,포토이즈(사진관)
타임스퀘어,키즈 앤 키즈
타임스퀘어,오버 더 디쉬
타임스퀘어,지오네일
타임스퀘어,ZUMA
타임스퀘어,이랜드아동복 - 셀덴/치크/포인포/코코리따/밀리밤
타임스퀘어,유니클로
타임스퀘어,제로투세븐
타임스퀘어,원더플레이스
타임스퀘어,어라운드 101
타임스퀘어,스타벅스 (2호점)
타임스퀘어,나인
타임스퀘어,르망안경
타임스퀘어,롯데리아
타임스퀘어,로가디스
타임스퀘어,딸기가좋아
타임스퀘어,니뽕내뽕
타임스퀘어,뉴발란스키즈
타임스퀘어,바인드
타임스퀘어,명품수선(구두/도장/열쇠)
타임스퀘어,플러스에스큐
타임스퀘어,프리스비
타임스퀘어,코코로벤또
타임스퀘어,타이니빅
타임스퀘어,백미당
타임스퀘어,미니골드
타임스퀘어,KFC
타임스퀘어,도레도레
타임스퀘어,피그먼트
타임스퀘어,버터
타임스퀘어,닥터마틴
타임스퀘어,파리바게뜨
타임스퀘어,슈퍼커피
타임스퀘어,북촌손만두
타임스퀘어,O.S.T
타임스퀘어,러쉬 (LUSH)
타임스퀘어,리스트(LIST)
타임스퀘어,베세토 병원 (치과)
타임스퀘어,ABC마트 메가스테이지
타임스퀘어,STCO
타임스퀘어,커피빈(1호점)
타임스퀘어,카페세븐스프링스
타임스퀘어,카페 죽이야기
타임스퀘어,찰스앤키스
타임스퀘어,장사랑
타임스퀘어,이마트
타임스퀘어,의류수선
타임스퀘어,KEB하나은행
타임스퀘어,올리브영 (2호점)
타임스퀘어,온더보더
타임스퀘어,어바웃미
타임스퀘어,양키캔들
타임스퀘어,앤올리브 스킨 & 네일
타임스퀘어,미니소
타임스퀘어,홍수계찜닭
타임스퀘어,아트박스
타임스퀘어,아비꼬카레
타임스퀘어,스코노(SKONO)
타임스퀘어,쌤소나이트 레드
타임스퀘어,스퍼(SPUR)
타임스퀘어,스시로
타임스퀘어,세븐스프링스
타임스퀘어,사보텐
타임스퀘어,블랙마틴싯봉
타임스퀘어,봄여름가을겨울 피부과
타임스퀘어,배스킨라빈스
타임스퀘어,발재반점
타임스퀘어,박승철헤어스튜디오
타임스퀘어,명동칼국수·샤브샤브
타임스퀘어,멘야산다이메
타임스퀘어,르사이공
타임스퀘어,로엠
타임스퀘어,러브펫 동물병원
타임스퀘어,액센트
타임스퀘어,디자인스킨
타임스퀘어,드림약국
타임스퀘어,플라잉볼 익스프레스
타임스퀘어,놀부 부대찌개&철판구이
타임스퀘어,난난플라워 (꽃&선물포장)
타임스퀘어,구슬함박
타임스퀘어,카카오프렌즈
타임스퀘어,더플레이스
타임스퀘어,H&M
타임스퀘어,ZARA
타임스퀘어,GS25
타임스퀘어,버거비
타임스퀘어,커피빈(2호점)
타임스퀘어,커피리브레
타임스퀘어,신세계 백화점 (A관)
타임스퀘어,베이커리 오월의종
타임스퀘어,H&M HOME
타임스퀘어,던킨도너츠
타임스퀘어,에잇세컨즈(8 SECONDS)
타임스퀘어,폴로 랄프로렌
타임스퀘어,에탐
타임스퀘어,COS
타임스퀘어,네스카페
타임스퀘어,SOUP
타임스퀘어,A LAND
타임스퀘어,핫트랙스
타임스퀘어,팀버랜드
타임스퀘어,원더브라
타임스퀘어,오니츠카타이거
타임스퀘어,에블린
타임스퀘어,어라운드 더 코너
타임스퀘어,아디다스 오리지널스
타임스퀘어,스타벅스 (1호점)
타임스퀘어,스와로브스키
타임스퀘어,쉬즈미스
타임스퀘어,빈폴
타임스퀘어,빈폴 아웃도어
타임스퀘어,비이커
타임스퀘어,미쏘
타임스퀘어,무인양품(MUJI)
타임스퀘어,리복
타임스퀘어,라코스테 L!VE
타임스퀘어,디스커버리
타임스퀘어,데님&서플라이 랄프로렌
타임스퀘어,노스페이스
타임스퀘어,교보문고
타임스퀘어,공차
타임스퀘어,시코르
타임스퀘어,뉴발란스
타임스퀘어,데상트
타임스퀘어,마호가니 커피
타임스퀘어,휠라
타임스퀘어,뉴에라
타임스퀘어,반장 즉석 떡볶이
타임스퀘어,탑텐10
타임스퀘어,슈펜
타임스퀘어,지이크 파렌하이트
타임스퀘어,배럴즈
타임스퀘어,오쭈
타임스퀘어,마시찜
타임스퀘어,스케쳐스
타임스퀘어,에뛰드하우스
타임스퀘어,TNGT
타임스퀘어,MLB
타임스퀘어,후아유
타임스퀘어,파스쿠찌
타임스퀘어,푸마 셀렉트
타임스퀘어,커버낫
타임스퀘어,칼하트
타임스퀘어,세븐일레븐
타임스퀘어,지오지아
타임스퀘어,지오다노
타임스퀘어,이니스프리
타임스퀘어,올리브영 (1호점)
타임스퀘어,아리따움
타임스퀘어,아디다스
타임스퀘어,반스
타임스퀘어,미샤
타임스퀘어,모던하우스
타임스퀘어,르꼬끄 스포르티브
타임스퀘어,더페이스샵
타임스퀘어,더바디샵
타임스퀘어,누들박스
타임스퀘어,나이키
타임스퀘어,폴리스 브릭오븐 피자리아
타임스퀘어,폴리스 브릭오븐 피자리아
타임스퀘어,스무디킹
타임스퀘어,버터핑거팬케익스
타임스퀘어,스트릿츄러스
타임스퀘어,시추안하우스
타임스퀘어,코즈니앳홈
타임스퀘어,투썸+커피
타임스퀘어,CGV
타임스퀘어,ACTION
타임스퀘어,한일관
타임스퀘어,카페마마스
타임스퀘어,앤티앤스
타임스퀘어,이철헤어커커 by 마끼에
타임스퀘어,서가앤쿡
타임스퀘어,생어거스틴
타임스퀘어,비스트로 서울 한상
타임스퀘어,매드포갈릭
타임스퀘어,딘타이펑
타임스퀘어,다쯔미
타임스퀘어,코오롱스포렉스
타임스퀘어,VIPS
타임스퀘어,제일제면소
디큐브시티,경복궁
디큐브시티,봉추찜닭
디큐브시티,비밀 시그니처
디큐브시티,사월에쭈꾸미
디큐브시티,일상별식
디큐브시티,팬차이나
디큐브시티,허유산
디큐브시티,미미네
디큐브시티,미스트
디큐브시티,삿뽀로
디큐브시티,샤보텐
디큐브시티,소녀방앗간
디큐브시티,코나야
디큐브시티,포베이
디큐브시티,밀탑
디큐브시티,폴바셋
디큐브시티,삼성전자
디큐브시티,LG전자
디큐브시티,다이슨
디큐브시티,파나소닉
디큐브시티,드롱기
디큐브시티,쿠쿠
디큐브시티,필립스
디큐브시티,헤이마
디큐브시티,로프티
디큐브시티,알레르망
디큐브시티,소프라움
디큐브시티,레노마홈
디큐브시티,해지스홈
디큐브시티,저스트홈
디큐브시티,SK매직
디큐브시티,에이스
디큐브시티,시몬스
디큐브시티,템퍼
디큐브시티,씰리
디큐브시티,디자인 벤처스
디큐브시티,인아트
디큐브시티,밴키즈
디큐브시티,다우닝
디큐브시티,동우꽃돌침대
디큐브시티,카레클린트
디큐브시티,실리트
디큐브시티,WMF
디큐브시티,AMT
디큐브시티,포하우스(써모스/로스티메팔/에피큐리언/헬리오스)
디큐브시티,퀸센스
디큐브시티,쿡템(실리만/써머스/삼미)
디큐브시티,김성훈도자기
디큐브시티,로스트란드
디큐브시티,덴비
디큐브시티,HbyH
디큐브시티,카페H
디큐브시티,MPG
디큐브시티,나이키
디큐브시티,노스페이스 화이트라벨
디큐브시티,데상트
디큐브시티,레노마 수영복
디큐브시티,르까프
디큐브시티,르꼬끄 스포르티브
디큐브시티,리복
디큐브시티,스케쳐스
디큐브시티,스코노
디큐브시티,아디다스
디큐브시티,아레나
디큐브시티,케이스위스
디큐브시티,크록스
디큐브시티,페이유에
디큐브시티,푸마
디큐브시티,플랫폼
디큐브시티,K2
디큐브시티,그레고리
디큐브시티,네파
디큐브시티,노스페이스
디큐브시티,마모트
디큐브시티,아이더
디큐브시티,코오롱스포츠
디큐브시티,펜필드
디큐브시티,MLB키즈
디큐브시티,닥스키즈
디큐브시티,디어디어
디큐브시티,디즈니베이비
디큐브시티,맘스카페
디큐브시티,모이몰른
디큐브시티,무냐무냐
디큐브시티,블루독
디큐브시티,블루독베이비
디큐브시티,비비하우스
디큐브시티,쇼콜라
디큐브시티,스타일노리터
디큐브시티,아디다스키즈
디큐브시티,아이러브제이
디큐브시티,애플키즈클럽
디큐브시티,에뜨와
디큐브시티,키보스
디큐브시티,토박스
디큐브시티,휠라키즈
디큐브시티,T.G.I 프라이데이
디큐브시티,지파시
디큐브시티,커피빈
디큐브시티,고객상담실
디큐브시티,유아휴게실
디큐브시티,이철헤어커커
디큐브시티,TNGT
디큐브시티,갤럭시
디큐브시티,더지 (지오지아)
디큐브시티,마에스트로
디큐브시티,본
디큐브시티,시리즈
디큐브시티,시스템옴므
디큐브시티,앤드지by지오지아
디큐브시티,에디션앤드지
디큐브시티,올젠
디큐브시티,지이크
디큐브시티,캠브리지
디큐브시티,크리스크리스티 리얼맨
디큐브시티,킨록by킨록앤더슨
디큐브시티,타임옴므
디큐브시티,티아이포맨
디큐브시티,프랑코페라로
디큐브시티,닥스셔츠
디큐브시티,듀퐁셔츠
디큐브시티,레노마
디큐브시티,루이까또즈
디큐브시티,쌤소나이트
디큐브시티,엘르가방
디큐브시티,예작
디큐브시티,바르미샤브샤브
디큐브시티,빈브라더스
디큐브시티,아방가르드 갤러리&카페
디큐브시티,이춘복 참치
디큐브시티,라코스테
디큐브시티,빈폴
디큐브시티,올젠
디큐브시티,타미힐피거
디큐브시티,폴로 랄프로렌
디큐브시티,23구 골프
디큐브시티,까스텔바작
디큐브시티,나이키골프
디큐브시티,슈페리어
디큐브시티,아디다스골프
디큐브시티,잭니클라우스
디큐브시티,캘러웨이
디큐브시티,파리게이츠
디큐브시티,풋조이
디큐브시티,고세
디큐브시티,닥스
디큐브시티,락포트
디큐브시티,미소페
디큐브시티,세라
디큐브시티,소다
디큐브시티,슈콤마보니
디큐브시티,와이컨셉(베어파우)
디큐브시티,제옥스
디큐브시티,클락스
디큐브시티,탠디
디큐브시티,ATM
디큐브시티,Tax Refund
디큐브시티,상품권 데스크
디큐브시티,의류 수선실
디큐브시티,하나투어
디큐브시티,회원서비스센터
디큐브시티,H&M
디큐브시티,스트라디바리우스
디큐브시티,자라
디큐브시티,CC콜렉트
디큐브시티,JJ지고트
디큐브시티,KL
디큐브시티,나이스크랍
디큐브시티,라인
디큐브시티,룸나인
디큐브시티,리스트
디큐브시티,모라도
디큐브시티,미샤
디큐브시티,베네통
디큐브시티,벨라디터치
디큐브시티,보니스팍스
디큐브시티,보브
디큐브시티,비너스
디큐브시티,비비안
디큐브시티,스테파넬
디큐브시티,시스템
디큐브시티,시슬리
디큐브시티,아이잗바바
디큐브시티,엘르
디큐브시티,엠씨
디큐브시티,잇미샤
디큐브시티,쥬크
디큐브시티,지고트
디큐브시티,지컷
디큐브시티,케네스레이디
디큐브시티,타임
디큐브시티,톰보이
디큐브시티,트라이엄프
디큐브시티,트리아나
디큐브시티,플리츠미
디큐브시티,후라밍고
디큐브시티,스타벅스
디큐브시티,투썸플레이스
디큐브시티,라그릴리아
디큐브시티,이스트바이게이트
디큐브시티,사은데스크/클럽데스크
디큐브시티,VDL
디큐브시티,나스(NARS)
디큐브시티,르네휘테르(RENE FURTERER)
디큐브시티,맥(MAC)
디큐브시티,빌리프(belif)
디큐브시티,샤넬(CHANEL)
디큐브시티,설화수(Sulwhasoo)
디큐브시티,스틸라/부르주아(Stila/Bourjois)
디큐브시티,에스티로더(EsteeLauder)
디큐브시티,오휘/후(O HUI / WHOO)
디큐브시티,이솝(Aesop)
디큐브시티,클라란스
디큐브시티,퍼퓸샵(Perfume Shop)
디큐브시티,프리메라(Primera)
디큐브시티,헤라(HERA)
디큐브시티,H&M
디큐브시티,유니클로
디큐브시티,자라
디큐브시티,BASH(명품편집샵)
디큐브시티,게스시계
디큐브시티,골든듀
디큐브시티,구찌시계/주얼리
디큐브시티,닥스-핸드백
디큐브시티,루이까또즈
디큐브시티,루즈앤라운지
디큐브시티,리즈다이아몬드
디큐브시티,리틀파머스
디큐브시티,만다리나덕
디큐브시티,메트로시티
디큐브시티,뮤젤
디큐브시티,앤클라인
디큐브시티,에스콰이어
디큐브시티,엘레강스
디큐브시티,엘리자베스 스튜어트 구두
디큐브시티,쿠에른
디큐브시티,1964백미당
디큐브시티,물품보관함
디큐브시티,안내데스크
디큐브시티,H&M
디큐브시티,MUJI(SPA)
디큐브시티,버쉬카
디큐브시티,유니클로
디큐브시티,풀앤베어
디큐브시티,LAP
디큐브시티,MLB
디큐브시티,NBA
디큐브시티,ST프렌치
디큐브시티,TBJ
디큐브시티,게스진
디큐브시티,꾸즈
디큐브시티,나인스텝
디큐브시티,닉스
디큐브시티,레코브
디큐브시티,르피타
디큐브시티,리바이스
디큐브시티,마인드브릿지워크스테이션
디큐브시티,밸리걸
디큐브시티,버커루
디큐브시티,부루앤쥬디
디큐브시티,세컨스킨
디큐브시티,숲갤러리
디큐브시티,아이디
디큐브시티,앤듀
디큐브시티,어스앤뎀
디큐브시티,지오다노
디큐브시티,컨셉원
디큐브시티,타미진
디큐브시티,테이트
디큐브시티,파프리카
디큐브시티,폴햄
디큐브시티,프로젝트M(엠폴햄)
디큐브시티,플라스틱아일랜드
디큐브시티,플랙진
디큐브시티,흄
디큐브시티,게스언더웨어
디큐브시티,리바이스바디웨어
디큐브시티,코데즈컴바인이너웨어
디큐브시티,CKJ Acc
디큐브시티,WSI
디큐브시티,갤러리어클락
디큐브시티,넬시
디큐브시티,로이드
디큐브시티,리뽀
디큐브시티,메트로시티주얼리
디큐브시티,미니골드
디큐브시티,스와치그룹멀티샵
디큐브시티,스톤헨지
디큐브시티,심플라이프
디큐브시티,쌤소나이트 레드
디큐브시티,제이에스티나
디큐브시티,캉골
디큐브시티,캡텐
디큐브시티,트롤비즈
디큐브시티,필그림
디큐브시티,ABC마트
디큐브시티,ALO
디큐브시티,GK 네일
디큐브시티,MUJI
디큐브시티,교보핫트랙스
디큐브시티,닥터마틴
디큐브시티,모자/스타킹
디큐브시티,삼성모바일샵
디큐브시티,스티유
디큐브시티,액센트
디큐브시티,에이샵
디큐브시티,우양산/손수건/장갑/선글라스
디큐브시티,CU
디큐브시티,고디바
디큐브시티,띵크커피
디큐브시티,약국
디큐브시티,하나은행
디큐브시티,바닐라코
디큐브시티,에스쁘아
디큐브시티,문화센터
디큐브시티,더페이스샵
디큐브시티,미샤
디큐브시티,바디샵
디큐브시티,아리따움
디큐브시티,에뛰드 하우스
디큐브시티,올리브영
디큐브시티,이니스프리
디큐브시티,토니모리
디큐브시티,팔레 드 플레르
디큐브시티,101번지 남산돈까스
디큐브시티,고치소우
디큐브시티,공차
디큐브시티,그레인스쿠키
디큐브시티,그린파이브
디큐브시티,김순례닭강정
디큐브시티,로봇김밥
디큐브시티,르번미
디큐브시티,마듀
디큐브시티,마스터키친
디큐브시티,만두제일가
디큐브시티,면채반
디큐브시티,본가스시
디큐브시티,신승반점
디큐브시티,아이핫팟 & 겐지야
디큐브시티,엘리스파이
디큐브시티,요이벤
디큐브시티,움트
디큐브시티,윤종희전통떡방
디큐브시티,찬장
디큐브시티,하카타도넛
디큐브시티,한국집
디큐브시티,환공어묵
디큐브시티,금양와인
디큐브시티,와인타임(나라와인)
디큐브시티,현대식품관 교환환불대
디큐브시티,현대식품관 냉장/냉동 생활용품
디큐브시티,현대식품관 반찬
디큐브시티,현대식품관 배송코너
디큐브시티,현대식품관 수산/건식
디큐브시티,현대식품관 야채
디큐브시티,현대식품관 정육
디큐브시티,현대식품관 청과
디큐브시티,GNC
디큐브시티,굿헬스
디큐브시티,네이쳐스비타민샵
디큐브시티,뉴트라라이프
디큐브시티,레인보우
디큐브시티,애드리언 게그넌
디큐브시티,정관장
디큐브시티,천지인
디큐브시티,히코코
디큐브시티,롱브레드
디큐브시티,맥도날드
디큐브시티,스타벅스
디큐브시티,오설록
디큐브시티,이학순베이커리
디큐브시티,잠바주스
디큐브시티,더바디샵
디큐브시티,데일리라이크
디큐브시티,미니소
디큐브시티,오렌즈
디큐브시티,올리브영
디큐브시티,원더플레이스
디큐브시티,제이헬렌
디큐브시티,키플링
디큐브시티,트위
디큐브시티,포멜카멜레
디큐브시티,아이데스크(안경점)
롯데몰 김포,H&M
롯데몰 김포,UNIQLO
롯데몰 김포,CM900
롯데몰 김포,로가디스
롯데몰 김포,바인드
롯데몰 김포,쉬즈미스
롯데몰 김포,에이스
롯데몰 김포,지오다노 컨셉
롯데몰 김포,지오지아
롯데몰 김포,컬처스타
롯데몰 김포,파슨스
롯데몰 김포,라수아패밀리
롯데몰 김포,리바이스바디웨어
롯데몰 김포,원더브라
롯데몰 김포,코데즈컴바인
롯데몰 김포,이너웨어
롯데몰 김포,레스모아
롯데몰 김포,JD스포츠
롯데몰 김포,O.S.T
롯데몰 김포,로이드
롯데몰 김포,스코노
롯데몰 김포,아프리카
롯데몰 김포,네이처리퍼블릭
롯데몰 김포,더바디샵
롯데몰 김포,미샤
롯데몰 김포,에뛰드하우스
롯데몰 김포,올리브영
롯데몰 김포,토니모리
롯데몰 김포,KKD
롯데몰 김포,TGI.F
롯데몰 김포,갓덴스시
롯데몰 김포,나뚜르
롯데몰 김포,놀부부대찌개
롯데몰 김포,딘타이펑
롯데몰 김포,로이즈
롯데몰 김포,리틀사이공
롯데몰 김포,명동가츠라
롯데몰 김포,몬스터브레드
롯데몰 김포,봉추찜닭
롯데몰 김포,브리오슈도레
롯데몰 김포,사보텐
롯데몰 김포,사이드쇼
롯데몰 김포,아이스팩토리
롯데몰 김포,앤티앤스
롯데몰 김포,엔제리너스
롯데몰 김포,온더보더
롯데몰 김포,원할머니국수보쌈
롯데몰 김포,코코로벤또
롯데몰 김포,코코이찌방야
롯데몰 김포,테이스팅룸
롯데몰 김포,페이웨이
롯데몰 김포,한우리
롯데몰 김포,핫도그온어스틱
롯데몰 김포,헤븐온탑
롯데몰 김포,4D라이더
롯데몰 김포,롯데홀리데이(JTB)
롯데몰 김포,연세메디의원
롯데몰 김포,영풍문고
롯데몰 김포,오토오아시스(P1F)
롯데몰 김포,플레이스케이프카페
롯데몰 김포,오씸
롯데몰 김포,H&M
롯데몰 김포,버쉬카
롯데몰 김포,유니클로
롯데몰 김포,자라
롯데몰 김포,풀앤베어
롯데몰 김포,TWEE(트위)
롯데몰 김포,나무그림
롯데몰 김포,나인
롯데몰 김포,멜본
롯데몰 김포,밀바이스튜디오
롯데몰 김포,화이트
롯데몰 김포,밀스튜디오
롯데몰 김포,에잇컨셉
롯데몰 김포,지센
롯데몰 김포,ABC마트
롯데몰 김포,미니골드
롯데몰 김포,미니소
롯데몰 김포,세라넥스트도어
롯데몰 김포,슈펜
롯데몰 김포,쓰임
롯데몰 김포,아프리카
롯데몰 김포,찰스앤키스
롯데몰 김포,아리따움
롯데몰 김포,MUJI
롯데몰 김포,위니비니
롯데몰 김포,CPK
롯데몰 김포,공차
롯데몰 김포,까사디파스타(크레이지롤)
롯데몰 김포,도레도레
롯데몰 김포,롯데리아
롯데몰 김포,만석장
롯데몰 김포,생어거스틴
롯데몰 김포,송추가마골
롯데몰 김포,아그라
롯데몰 김포,토끼정
롯데몰 김포,파스퇴르밀크바
롯데몰 김포,헤븐온탑
롯데몰 김포,홉슈크림
롯데몰 김포,루미가넷
롯데몰 김포,마끼에
롯데몰 김포,세븐일레븐
롯데몰 김포,플레이타임
롯데몰 은평,놀멘서가
롯데몰 은평,오토오아시스
롯데몰 은평,FC 서울 축구교실
롯데몰 은평,레전드 베이스볼
롯데몰 은평,키즈 스타일러
롯데몰 은평,키즈 스플래쉬
롯데몰 은평,BIND
롯데몰 은평,GGPX
롯데몰 은평,LIST
롯데몰 은평,계절밥상
롯데몰 은평,나무그림
롯데몰 은평,네이처컬렉션
롯데몰 은평,더바디샵
롯데몰 은평,데이텀
롯데몰 은평,디자인스킨
롯데몰 은평,라수아패밀리
롯데몰 은평,레노마 이너웨어
롯데몰 은평,레스모아
롯데몰 은평,로이드
롯데몰 은평,롭스
롯데몰 은평,매그제이
롯데몰 은평,메종블랑쉬
롯데몰 은평,미샤
롯데몰 은평,바른스시
롯데몰 은평,반에이크
롯데몰 은평,비너스
롯데몰 은평,비비안
롯데몰 은평,아디다스 오리지널
롯데몰 은평,에뛰드하우스
롯데몰 은평,에이치커넥트
롯데몰 은평,엔제리너스 커피
롯데몰 은평,엘하임
롯데몰 은평,유니클로
롯데몰 은평,이니스프리
롯데몰 은평,제시뉴욕
롯데몰 은평,조이너스
롯데몰 은평,준오헤어
롯데몰 은평,지센
롯데몰 은평,탑이슈라운지
롯데몰 은평,토니모리
롯데몰 은평,트위
롯데몰 은평,핏뎀
롯데몰 은평,홀리카
롯데몰 은평,8Seconds
롯데몰 은평,A-LAND
롯데몰 은평,BTY갤러리
롯데몰 은평,GU#
롯데몰 은평,HOS OF 쌤소나이트
롯데몰 은평,JJ지고트
롯데몰 은평,NAIN
롯데몰 은평,도레도레
롯데몰 은평,락포트
롯데몰 은평,룩옵티컬
롯데몰 은평,미니골드
롯데몰 은평,미소페
롯데몰 은평,민트블럭
롯데몰 은평,밀바이스튜디오화이트
롯데몰 은평,세라
롯데몰 은평,소다
롯데몰 은평,쉬즈미스
롯데몰 은평,스와로브스키
롯데몰 은평,안스베이커리
롯데몰 은평,오픈클로젯
롯데몰 은평,제니아by금강
롯데몰 은평,지스바이
롯데몰 은평,지오다노컨셉
롯데몰 은평,케이스갤러리
롯데몰 은평,코데즈컴바인 이너웨어
롯데몰 은평,폴바셋
롯데몰 은평,플라스틱아일랜드스토리
롯데몰 은평,플라잉타이거
롯데몰 은평,히어라이크
롯데몰 은평,CAP10(캡텐)
롯데몰 은평,CM900
롯데몰 은평,MUJI
롯데몰 은평,SPAO
롯데몰 은평,TNGT
롯데몰 은평,ZEN
롯데몰 은평,금빛수선
롯데몰 은평,까르뜨블랑슈
롯데몰 은평,나이키
롯데몰 은평,뉴발란스
롯데몰 은평,다이나핏
롯데몰 은평,닥터마틴
롯데몰 은평,데상트
롯데몰 은평,데일리 스미스
롯데몰 은평,레노마
롯데몰 은평,르꼬끄 스포르티브
롯데몰 은평,리복
롯데몰 은평,미스트랄
롯데몰 은평,바쏘옴므
롯데몰 은평,블랙 by STCO
롯데몰 은평,수수가든카페
롯데몰 은평,스무디킹
롯데몰 은평,스케쳐스
롯데몰 은평,아디다스 퍼포먼스
롯데몰 은평,아이스팩토리
롯데몰 은평,엄브로
롯데몰 은평,오씸
롯데몰 은평,올젠
롯데몰 은평,워모
롯데몰 은평,젠니클로젯
롯데몰 은평,지오투
롯데몰 은평,지이크
롯데몰 은평,코모도스퀘어
롯데몰 은평,크리스크리스티
롯데몰 은평,팀버랜드
롯데몰 은평,하이마트
롯데몰 은평,햇츠온
롯데몰 은평,ABC마트
롯데몰 은평,HUM
롯데몰 은평,MLB키즈
롯데몰 은평,NII
롯데몰 은평,TBJ PLAY
롯데몰 은평,교보문고
롯데몰 은평,나뚜루팝
롯데몰 은평,나이키 키즈
롯데몰 은평,노스페이스
롯데몰 은평,뉴발란스 키즈
롯데몰 은평,다이소
롯데몰 은평,더프레그란트랩
롯데몰 은평,디즈니베이비
롯데몰 은평,롯데 홀리데이(여행사)
롯데몰 은평,롯데렌터카
롯데몰 은평,롯데리아
롯데몰 은평,리얼컴포트
롯데몰 은평,쁘띠마르숑
롯데몰 은평,세븐일레븐
롯데몰 은평,스텝케어
롯데몰 은평,아디다스 키즈
롯데몰 은평,아임슬리핑
롯데몰 은평,아프리카 안경
롯데몰 은평,앤듀
롯데몰 은평,앤쿠쿠
롯데몰 은평,앤티앤스
롯데몰 은평,어반스튜디오 후지필름
롯데몰 은평,엔제리너스 커피
롯데몰 은평,오가닉맘
롯데몰 은평,오가다
롯데몰 은평,올림피아
롯데몰 은평,위니비니
롯데몰 은평,자주
롯데몰 은평,제로투세븐 해피니스
롯데몰 은평,캐릭터라인
롯데몰 은평,크리스피크림도넛
롯데몰 은평,키즈덤
롯데몰 은평,토박스&리틀비티
롯데몰 은평,트윈키즈365
롯데몰 은평,플랭크스톤
롯데몰 은평,휠라키즈
롯데몰 은평,P.F.CHANG'S
롯데몰 은평,갓덴스시
롯데몰 은평,떡가게 종춘
롯데몰 은평,라그릴리아
롯데몰 은평,랍스터마켓
롯데몰 은평,마시찜
롯데몰 은평,만석가마구이
롯데몰 은평,만석장
롯데몰 은평,면채반
롯데몰 은평,명동가츠라
롯데몰 은평,밀론&스마트짐
롯데몰 은평,바른네일
롯데몰 은평,백미당
롯데몰 은평,봉추찜닭
롯데몰 은평,북촌손만두
롯데몰 은평,브릭스
롯데몰 은평,사월에쭈꾸미
롯데몰 은평,삼보당 호떡
롯데몰 은평,샤브보트
롯데몰 은평,세레니끄스파
롯데몰 은평,송추가마골 반상
롯데몰 은평,스트릿츄러스
롯데몰 은평,아그라
롯데몰 은평,아비꼬
롯데몰 은평,알리바바커피&도넛
롯데몰 은평,에머이
롯데몰 은평,엔제리너스 스페셜티
롯데몰 은평,오뎅식당
롯데몰 은평,올곧은치과의원
롯데몰 은평,원할머니국수보쌈
롯데몰 은평,전주중앙회관
롯데몰 은평,청화당
롯데몰 은평,캘리포니아피자치킨
롯데몰 은평,키무카츠
롯데몰 은평,파리스 힐링 다이어트
롯데몰 은평,파스퇴르밀크바
롯데몰 은평,퍼스트클래스
롯데몰 은평,한우리
롯데몰 은평,후쿠오카함바그
